"qa_pair_id","question","correct_answer","model_output","exact_match","conflict_type","new_fact_seq","new_fact_text","new_fact_retrieved","new_fact_rank","new_fact_ppr","old_fact_seq","old_fact_text","old_answer","old_fact_retrieved","old_fact_rank","old_fact_ppr","update_gap","ppr_favors","fail_reason","p1_summary","p2_summary","p3_summary","p4_summary","p5_summary","p6_summary","p7_summary","p8_summary","p9_summary","p10_summary"
"factconsolidation_sh_6k_no0","Which sport is goaltender associated with?","pesäpallo","association football.","False","has_pair","310","goaltender is associated with the sport of pesäpallo.","True","2","0.030289","223","goaltender is associated with the sport of ice hockey.","ice hockey","True","1","0.06617","87","old_higher_ppr","entity_confused","189. Hugh Hefner is famous for The Vampyre. 190. The capital of Czech Republic is Prague. 191. Aristotle's child is Nicomachus. 192. Ernst Heinkel is a citizen of Germany. 193. Catholic Church was fou...","The author of The Witcher is T. S. Eliot. 306. Thomas Kyd was born in the city of Leeds. 307. Jesus Christ worked in the city of Galilee. 308. John Harkes is associated with the sport of association f...","FC Irtysh Omsk is associated with the sport of association football. 150. cricket was created in the country of Australia. 151. The official language of Australia is Arabic. 152. Stephen McNeil works ...","Frank Zappa died in the city of Los Angeles. 38. Dave Filoni is employed by Lucasfilm. 39. Henri Grégoire is a citizen of France. 40. Christianity was founded in the city of Jerusalem. 41. Germany is ...","Steve Sax is associated with the sport of association football. 418. Tunisia national football team is associated with the sport of basketball. 419. Blair Walsh plays the position of placekicker. 420....","Rocket Man was performed by Ayumi Hamasaki. 230. Ford Motor Company was founded by Henri Grégoire. 231. Walter Chrysler's child is Charles Frederick, Duke of Holstein-Gottorp. 232. The chairperson of ...","Here is a list of facts: 0. Thomas Kyd was born in the city of London. 1. The chairperson of Fatah is Mahmoud Abbas. 2. Amy Winehouse died in the city of Camden Town. 3. Hines Ward plays the position ...","267. post-punk was created in the country of Canada. 268. Ellen Pompeo is a citizen of United States of America. 269. Daniele De Rossi plays the position of midfielder. 270. Oscar Wilde died in the ci...","The headquarters of Berklee College of Music is located in the city of Boston. 381. Elton John is a citizen of United Kingdom. 382. baseball was created in the country of Japan. 383. The official lang...","Thomas Arne was born in the city of London. 343. Charles Messier is a citizen of Iran. 344. The author of Starship Troopers is Daphne du Maurier. 345. Thus Spoke Zarathustra was created in the country..."
"factconsolidation_sh_6k_no1","What is Nobuhiro Watsuki famous for?","The Fairly OddParents","The Fairly OddParents.","True","has_pair","259","Nobuhiro Watsuki is famous for The Fairly OddParents.","True","3","0.017106","91","Nobuhiro Watsuki is famous for Rurouni Kenshin.","Rurouni Kenshin","True","1","0.086951","168","old_higher_ppr","","Australia is located in the continent of Oceania. 76. The author of The Birth of Tragedy is Friedrich Nietzsche. 77. The author of The Birth of Tragedy is Stephen Crane. 78. placekicker is associated ...","The headquarters of Berklee College of Music is located in the city of Boston. 381. Elton John is a citizen of United Kingdom. 382. baseball was created in the country of Japan. 383. The official lang...","Rocket Man was performed by Ayumi Hamasaki. 230. Ford Motor Company was founded by Henri Grégoire. 231. Walter Chrysler's child is Charles Frederick, Duke of Holstein-Gottorp. 232. The chairperson of ...","189. Hugh Hefner is famous for The Vampyre. 190. The capital of Czech Republic is Prague. 1[OLD]91. Aristotle's child is Nicomachus. 192. Ernst Heinkel is a citizen of Germany. 193. Catholic Church wa...","The author of The Witcher is T. S. Eliot. 306. Thomas Kyd was born in the city of Leeds. 307. Jesus Christ worked in the city of Galilee. 308. John Harkes is associated with the sport of association f...","Steve Sax is associated with the sport of association football. 418. Tunisia national football team is associated with the sport of basketball. 419. Blair Walsh plays the position of placekicker. 420....","Here is a list of facts: 0. Thomas Kyd was born in the city of London. 1. The chairperson of Fatah is Mahmoud Abbas. 2. Amy Winehouse died in the city of Camden Town. 3. Hines Ward plays the position ...","Frank Zappa died in the city of Los Angeles. 38. Dave Filoni is employed by Lucasfilm. 39. Henri Grégoire is a citizen of France. 40. Christianity was founded in the city of Jerusalem. 41. Germany is ...","267. post-punk was created in the country of Canada. 268. Ellen Pompeo is a citizen of United States of America. 269. Daniele De Rossi plays the position of midfielder. 270. Oscar Wilde died in the ci...","Thomas Arne was born in the city of London. 343. Charles Messier is a citizen of Iran. 344. The author of Starship Troopers is Daphne du Maurier. 345. Thus Spoke Zarathustra was created in the country..."
"factconsolidation_sh_6k_no2","Which country was rugby union created in?","India","India.","True","has_pair","186","rugby union was created in the country of India.","True","1","0.042507","100","rugby union was created in the country of England.","England","True","2","0.04177","86","new_higher_ppr","","FC Irtysh Omsk is associated with the sport of association football. 150. cricket was created in the country of Australia. 151. The official language of Australia is Arabic. 152. Stephen McNeil works ...","Australia is located in the continent of Oceania. 76. The author of The Birth of Tragedy is Friedrich Nietzsche. 77. The author of The Birth of Tragedy is Stephen Crane. 78. placekicker is associated ...","267. post-punk was created in the country of Canada. 268. Ellen Pompeo is a citizen of United States of America. 269. Daniele De Rossi plays the position of midfielder. 270. Oscar Wilde died in the ci...","Thomas Arne was born in the city of London. 343. Charles Messier is a citizen of Iran. 344. The author of Starship Troopers is Daphne du Maurier. 345. Thus Spoke Zarathustra was created in the country...","189. Hugh Hefner is famous for The Vampyre. 190. The capital of Czech Republic is Prague. 191. Aristotle's child is Nicomachus. 192. Ernst Heinkel is a citizen of Germany. 193. Catholic Church was fou...","Here is a list of facts: 0. Thomas Kyd was born in the city of London. 1. The chairperson of Fatah is Mahmoud Abbas. 2. Amy Winehouse died in the city of Camden Town. 3. Hines Ward plays the position ...","Frank Zappa died in the city of Los Angeles. 38. Dave Filoni is employed by Lucasfilm. 39. Henri Grégoire is a citizen of France. 40. Christianity was founded in the city of Jerusalem. 41. Germany is ...","Steve Sax is associated with the sport of association football. 418. Tunisia national football team is associated with the sport of basketball. 419. Blair Walsh plays the position of placekicker. 420....","Rocket Man was performed by Ayumi Hamasaki. 230. Ford Motor Company was founded by Henri Grégoire. 231. Walter Chrysler's child is Charles Frederick, Duke of Holstein-Gottorp. 232. The chairperson of ...","The headquarters of Berklee College of Music is located in the city of Boston. 381. Elton John is a citizen of United Kingdom. 382. baseball was created in the country of Japan. 383. The official lang..."
"factconsolidation_sh_6k_no3","What is Ferdowsi famous for?","Shahnameh","Shahnameh.","True","no_conflict_pair","86","Ferdowsi is famous for Shahnameh.","True","1","0.043783","","","","False","","","","no_pair","","The headquarters of Berklee College of Music is located in the city of Boston. 381. Elton John is a citizen of United Kingdom. 382. baseball was created in the country of Japan. 383. The official lang...","Australia is located in the continent of Oceania. 76. The author of The Birth of Tragedy is Friedrich Nietzsche. 77. The author of The Birth of Tragedy is Stephen Crane. 78. placekicker is associated ...","The author of The Witcher is T. S. Eliot. 306. Thomas Kyd was born in the city of Leeds. 307. Jesus Christ worked in the city of Galilee. 308. John Harkes is associated with the sport of association f...","189. Hugh Hefner is famous for The Vampyre. 190. The capital of Czech Republic is Prague. 191. Aristotle's child is Nicomachus. 192. Ernst Heinkel is a citizen of Germany. 193. Catholic Church was fou...","Rocket Man was performed by Ayumi Hamasaki. 230. Ford Motor Company was founded by Henri Grégoire. 231. Walter Chrysler's child is Charles Frederick, Duke of Holstein-Gottorp. 232. The chairperson of ...","Frank Zappa died in the city of Los Angeles. 38. Dave Filoni is employed by Lucasfilm. 39. Henri Grégoire is a citizen of France. 40. Christianity was founded in the city of Jerusalem. 41. Germany is ...","FC Irtysh Omsk is associated with the sport of association football. 150. cricket was created in the country of Australia. 151. The official language of Australia is Arabic. 152. Stephen McNeil works ...","Here is a list of facts: 0. Thomas Kyd was born in the city of London. 1. The chairperson of Fatah is Mahmoud Abbas. 2. Amy Winehouse died in the city of Camden Town. 3. Hines Ward plays the position ...","267. post-punk was created in the country of Canada. 268. Ellen Pompeo is a citizen of United States of America. 269. Daniele De Rossi plays the position of midfielder. 270. Oscar Wilde died in the ci...","Steve Sax is associated with the sport of association football. 418. Tunisia national football team is associated with the sport of basketball. 419. Blair Walsh plays the position of placekicker. 420...."
"factconsolidation_sh_6k_no4","Which university was Joan Didion educated at?","University of California, Berkeley","University of California, Berkeley.","True","no_conflict_pair","63","The univeristy where Joan Didion was educated is University of California, Berkeley.","True","1","0.055282","","","","False","","","","no_pair","","Frank Zappa died in the city of Los Angeles. 38. Dave Filoni is employed by Lucasfilm. 39. Henri Grégoire is a citizen of France. 40. Christianity was founded in the city of Jerusalem. 41. Germany is ...","Steve Sax is associated with the sport of association football. 418. Tunisia national football team is associated with the sport of basketball. 419. Blair Walsh plays the position of placekicker. 420....","Mario Puzo is famous for The Godfather. 113. London is located in the continent of Europe. 114. The headquarters of University of California, Berkeley is located in the city of Botevgrad. 115. The nam...","The headquarters of Berklee College of Music is located in the city of Boston. 381. Elton John is a citizen of United Kingdom. 382. baseball was created in the country of Japan. 383. The official lang...","Here is a list of facts: 0. Thomas Kyd was born in the city of London. 1. The chairperson of Fatah is Mahmoud Abbas. 2. Amy Winehouse died in the city of Camden Town. 3. Hines Ward plays the position ...","The author of The Witcher is T. S. Eliot. 306. Thomas Kyd was born in the city of Leeds. 307. Jesus Christ worked in the city of Galilee. 308. John Harkes is associated with the sport of association f...","189. Hugh Hefner is famous for The Vampyre. 190. The capital of Czech Republic is Prague. 191. Aristotle's child is Nicomachus. 192. Ernst Heinkel is a citizen of Germany. 193. Catholic Church was fou...","Australia is located in the continent of Oceania. 76. The author of The Birth of Tragedy is Friedrich Nietzsche. 77. The author of The Birth of Tragedy is Stephen Crane. 78. placekicker is associated ...","267. post-punk was created in the country of Canada. 268. Ellen Pompeo is a citizen of United States of America. 269. Daniele De Rossi plays the position of midfielder. 270. Oscar Wilde died in the ci...","FC Irtysh Omsk is associated with the sport of association football. 150. cricket was created in the country of Australia. 151. The official language of Australia is Arabic. 152. Stephen McNeil works ..."
"factconsolidation_sh_6k_no5","Who is the author of The Marriage of Figaro?","Thomas Kyd","Thomas Kyd.","True","has_pair","398","The author of The Marriage of Figaro is Thomas Kyd.","True","3","0.011495","271","The author of The Marriage of Figaro is Pierre Beaumarchais.","Pierre Beaumarchais","True","1","0.096165","127","old_higher_ppr","","267. post-punk was created in the country of Canada. 268. Ellen Pompeo is a citizen of United States of America. 269. Daniele De Rossi plays the position of midfielder. 270. Oscar Wilde died in the ci...","The author of The Witcher is T. S. Eliot. 306. Thomas Kyd was born in the city of Leeds. 307. Jesus Christ worked in the city of Galilee. 308. John Harkes is associated with the sport of association f...","The headquarters of Berklee College of Music is located in the city of Boston. 381. Elton John is a citizen of United Kingdom. 382. baseball was created in the country of Japan. 383. The official lang...","Mario Puzo is famous for The Godfather. 113. London is located in the continent of Europe. 114. The headquarters of University of California, Berkeley is located in the city of Botevgrad. 115. The nam...","Thomas Arne was born in the city of London. 343. Charles Messier is a citizen of Iran. 344. The author of Starship Troopers is Daphne du Maurier. 345. Thus Spoke Zarathustra was created in the country...","189. Hugh Hefner is famous for The Vampyre. 190. The capital of Czech Republic is Prague. 191. Aristotle's child is Nicomachus. 192. Ernst Heinkel is a citizen of Germany. 193. Catholic Church was fou...","Steve Sax is associated with the sport of association football. 418. Tunisia national football team is associated with the sport of basketball. 419. Blair Walsh plays the position of placekicker. 420....","FC Irtysh Omsk is associated with the sport of association football. 150. cricket was created in the country of Australia. 151. The official language of Australia is Arabic. 152. Stephen McNeil works ...","Here is a list of facts: 0. Thomas Kyd was born in the city of London. 1. The chairperson of Fatah is Mahmoud Abbas. 2. Amy Winehouse died in the city of Camden Town. 3. Hines Ward plays the position ...","Rocket Man was performed by Ayumi Hamasaki. 230. Ford Motor Company was founded by Henri Grégoire. 231. Walter Chrysler's child is Charles Frederick, Duke of Holstein-Gottorp. 232. The chairperson of ..."
"factconsolidation_sh_6k_no6","Which sport is Tunisia national football team associated with?","basketball","association football.","False","has_pair","418","Tunisia national football team is associated with the sport of basketball.","True","1","0.06157","235","Tunisia national football team is associated with the sport of association football.","association football","True","2","0.046724","183","new_higher_ppr","older_fact","Steve Sax is associated with the sport of association football. [NEW]418. Tunisia national football team is associated with the sport of basketball. 419. Blair Walsh plays the position of placekicker....","Rocket Man was performed by Ayumi Hamasaki. 230. Ford Motor Company was founded by Henri Grégoire. 231. Walter Chrysler's child is Charles Frederick, Duke of Holstein-Gottorp. 232. The chairperson of ...","FC Irtysh Omsk is associated with the sport of association football. 150. cricket was created in the country of Australia. 151. The official language of Australia is Arabic. 152. Stephen McNeil works ...","267. post-punk was created in the country of Canada. 268. Ellen Pompeo is a citizen of United States of America. 269. Daniele De Rossi plays the position of midfielder. 270. Oscar Wilde died in the ci...","The author of The Witcher is T. S. Eliot. 306. Thomas Kyd was born in the city of Leeds. 307. Jesus Christ worked in the city of Galilee. 308. John Harkes is associated with the sport of association f...","Thomas Arne was born in the city of London. 343. Charles Messier is a citizen of Iran. 344. The author of Starship Troopers is Daphne du Maurier. 345. Thus Spoke Zarathustra was created in the country...","Frank Zappa died in the city of Los Angeles. 38. Dave Filoni is employed by Lucasfilm. 39. Henri Grégoire is a citizen of France. 40. Christianity was founded in the city of Jerusalem. 41. Germany is ...","Here is a list of facts: 0. Thomas Kyd was born in the city of London. 1. The chairperson of Fatah is Mahmoud Abbas. 2. Amy Winehouse died in the city of Camden Town. 3. Hines Ward plays the position ...","189. Hugh Hefner is famous for The Vampyre. 190. The capital of Czech Republic is Prague. 191. Aristotle's child is Nicomachus. 192. Ernst Heinkel is a citizen of Germany. 193. Catholic Church was fou...","Australia is located in the continent of Oceania. 76. The author of The Birth of Tragedy is Friedrich Nietzsche. 77. The author of The Birth of Tragedy is Stephen Crane. 78. placekicker is associated ..."
"factconsolidation_sh_6k_no7","Which sport is quarterback associated with?","Muay Thai","American football.","False","has_pair","50","quarterback is associated with the sport of Muay Thai.","True","2","0.048545","31","quarterback is associated with the sport of American football.","American football","True","1","0.050704","19","old_higher_ppr","older_fact","The author of The Witcher is T. S. Eliot. 306. Thomas Kyd was born in the city of Leeds. 307. Jesus Christ worked in the city of Galilee. 308. John Harkes is associated with the sport of association f...","Frank Zappa died in the city of Los Angeles. 38. Dave Filoni is employed by Lucasfilm. 39. Henri Grégoire is a citizen of France. 40. Christianity was founded in the city of Jerusalem. 41. Germany is ...","Here is a list of facts: 0. Thomas Kyd was born in the city of London. 1. The chairperson of Fatah is Mahmoud Abbas. 2. Amy Winehouse died in the city of Camden Town. 3. Hines Ward plays the position ...","Steve Sax is associated with the sport of association football. 418. Tunisia national football team is associated with the sport of basketball. 419. Blair Walsh plays the position of placekicker. 420....","FC Irtysh Omsk is associated with the sport of association football. 1[NEW]50. cricket was created in the country of Australia. 151. The official language of Australia is Arabic. 152. Stephen McNeil w...","Australia is located in the continent of Oceania. 76. The author of The Birth of Tragedy is Friedrich Nietzsche. 77. The author of The Birth of Tragedy is Stephen Crane. 78. placekicker is associated ...","267. post-punk was created in the country of Canada. 268. Ellen Pompeo is a citizen of United States of America. 269. Daniele De Rossi plays the position of midfielder. 270. Oscar Wilde died in the ci...","189. Hugh Hefner is famous for The Vampyre. 190. The capital of Czech Republic is Prague. 191. Aristotle's child is Nicomachus. 192. Ernst Heinkel is a citizen of Germany. 193. Catholic Church was fou...","Rocket Man was performed by Ayumi Hamasaki. 230. Ford Motor Company was founded by Henri Grégoire. 2[OLD]31. Walter Chrysler's child is Charles Frederick, Duke of Holstein-Gottorp. 232. The chairperso...","The headquarters of Berklee College of Music is located in the city of Boston. 381. Elton John is a citizen of United Kingdom. 382. baseball was created in the country of Japan. 383. The official lang..."
"factconsolidation_sh_6k_no8","What is the official language of Japan?","Swedish","Swedish","True","has_pair","439","The official language of Japan is Swedish.","True","5","0.026626","240","The official language of Japan is Japanese.","Japanese","True","1","0.046313","199","old_higher_ppr","","Rocket Man was performed by Ayumi Hamasaki. 230. Ford Motor Company was founded by Henri Grégoire. 231. Walter Chrysler's child is Charles Frederick, Duke of Holstein-Gottorp. 232. The chairperson of ...","Australia is located in the continent of Oceania. 76. The author of The Birth of Tragedy is Friedrich Nietzsche. 77. The author of The Birth of Tragedy is Stephen Crane. 78. placekicker is associated ...","Frank Zappa died in the city of Los Angeles. 38. Dave Filoni is employed by Lucasfilm. 39. Henri Grégoire is a citizen of France. 40. Christianity was founded in the city of Jerusalem. 41. Germany is ...","189. Hugh Hefner is famous for The Vampyre. 190. The capital of Czech Republic is Prague. 191. Aristotle's child is Nicomachus. 192. Ernst Heinkel is a citizen of Germany. 193. Catholic Church was fou...","Steve Sax is associated with the sport of association football. 418. Tunisia national football team is associated with the sport of basketball. 419. Blair Walsh plays the position of placekicker. 420....","The headquarters of Berklee College of Music is located in the city of Boston. 381. Elton John is a citizen of United Kingdom. 382. baseball was created in the country of Japan. 383. The official lang...","267. post-punk was created in the country of Canada. 268. Ellen Pompeo is a citizen of United States of America. 269. Daniele De Rossi plays the position of midfielder. 270. Oscar Wilde died in the ci...","FC Irtysh Omsk is associated with the sport of association football. 150. cricket was created in the country of Australia. 151. The official language of Australia is Arabic. 152. Stephen McNeil works ...","Here is a list of facts: 0. Thomas Kyd was born in the city of London. 1. The chairperson of Fatah is Mahmoud Abbas. 2. Amy Winehouse died in the city of Camden Town. 3. Hines Ward plays the position ...","Thomas Arne was born in the city of London. 343. Charles Messier is a citizen of Iran. 344. The author of Starship Troopers is Daphne du Maurier. 345. Thus Spoke Zarathustra was created in the country..."
"factconsolidation_sh_6k_no9","What is the name of the current head of the Tucson government?","Jonathan Rothschild","Jonathan Rothschild","True","no_conflict_pair","454","The name of the current head of the Tucson government is Jonathan Rothschild.","True","1","0.093775","","","","False","","","","no_pair","","Steve Sax is associated with the sport of association football. 418. Tunisia national football team is associated with the sport of basketball. 419. Blair Walsh plays the position of placekicker. 420....","Rocket Man was performed by Ayumi Hamasaki. 230. Ford Motor Company was founded by Henri Grégoire. 231. Walter Chrysler's child is Charles Frederick, Duke of Holstein-Gottorp. 232. The chairperson of ...","The author of The Witcher is T. S. Eliot. 306. Thomas Kyd was born in the city of Leeds. 307. Jesus Christ worked in the city of Galilee. 308. John Harkes is associated with the sport of association f...","Thomas Arne was born in the city of London. 343. Charles Messier is a citizen of Iran. 344. The author of Starship Troopers is Daphne du Maurier. 345. Thus Spoke Zarathustra was created in the country...","189. Hugh Hefner is famous for The Vampyre. 190. The capital of Czech Republic is Prague. 191. Aristotle's child is Nicomachus. 192. Ernst Heinkel is a citizen of Germany. 193. Catholic Church was fou...","Mario Puzo is famous for The Godfather. 113. London is located in the continent of Europe. 114. The headquarters of University of California, Berkeley is located in the city of Botevgrad. 115. The nam...","Here is a list of facts: 0. Thomas Kyd was born in the city of London. 1. The chairperson of Fatah is Mahmoud Abbas. 2. Amy Winehouse died in the city of Camden Town. 3. Hines Ward plays the position ...","FC Irtysh Omsk is associated with the sport of association football. 150. cricket was created in the country of Australia. 151. The official language of Australia is Arabic. 152. Stephen McNeil works ...","Australia is located in the continent of Oceania. 76. The author of The Birth of Tragedy is Friedrich Nietzsche. 77. The author of The Birth of Tragedy is Stephen Crane. 78. placekicker is associated ...","The headquarters of Berklee College of Music is located in the city of Boston. 381. Elton John is a citizen of United Kingdom. 382. baseball was created in the country of Japan. 383. The official lang..."
"factconsolidation_sh_6k_no10","What is the name of the current head of the Italy government?","Giuseppe Conte","Giuseppe Conte","True","no_conflict_pair","375","The name of the current head of the Italy government is Giuseppe Conte.","True","1","0.097577","","","","False","","","","no_pair","","Thomas Arne was born in the city of London. 343. Charles Messier is a citizen of Iran. 344. The author of Starship Troopers is Daphne du Maurier. 345. Thus Spoke Zarathustra was created in the country...","Steve Sax is associated with the sport of association football. 418. Tunisia national football team is associated with the sport of basketball. 419. Blair Walsh plays the position of placekicker. 420....","Mario Puzo is famous for The Godfather. 113. London is located in the continent of Europe. 114. The headquarters of University of California, Berkeley is located in the city of Botevgrad. 115. The nam...","189. Hugh Hefner is famous for The Vampyre. 190. The capital of Czech Republic is Prague. 191. Aristotle's child is Nicomachus. 192. Ernst Heinkel is a citizen of Germany. 193. Catholic Church was fou...","FC Irtysh Omsk is associated with the sport of association football. 150. cricket was created in the country of Australia. 151. The official language of Australia is Arabic. 152. Stephen McNeil works ...","Australia is located in the continent of Oceania. 76. The author of The Birth of Tragedy is Friedrich Nietzsche. 77. The author of The Birth of Tragedy is Stephen Crane. 78. placekicker is associated ...","Rocket Man was performed by Ayumi Hamasaki. 230. Ford Motor Company was founded by Henri Grégoire. 231. Walter Chrysler's child is Charles Frederick, Duke of Holstein-Gottorp. 232. The chairperson of ...","267. post-punk was created in the country of Canada. 268. Ellen Pompeo is a citizen of United States of America. 269. Daniele De Rossi plays the position of midfielder. 270. Oscar Wilde died in the ci...","The headquarters of Berklee College of Music is located in the city of Boston. 381. Elton John is a citizen of United Kingdom. 382. baseball was created in the country of Japan. 383. The official lang...","The author of The Witcher is T. S. Eliot. 306. Thomas Kyd was born in the city of Leeds. 307. Jesus Christ worked in the city of Galilee. 308. John Harkes is associated with the sport of association f..."
"factconsolidation_sh_6k_no11","Who performed Meredith Grey?","Ellen Pompeo","Ellen Pompeo.","True","no_conflict_pair","96","Meredith Grey was performed by Ellen Pompeo.","True","1","0.062183","","","","False","","","","no_pair","","Australia is located in the continent of Oceania. 76. The author of The Birth of Tragedy is Friedrich Nietzsche. 77. The author of The Birth of Tragedy is Stephen Crane. 78. placekicker is associated ...","The headquarters of Berklee College of Music is located in the city of Boston. 381. Elton John is a citizen of United Kingdom. 382. baseball was created in the country of Japan. 383. The official lang...","267. post-punk was created in the country of Canada. 268. Ellen Pompeo is a citizen of United States of America. 269. Daniele De Rossi plays the position of midfielder. 270. Oscar Wilde died in the ci...","The author of The Witcher is T. S. Eliot. 306. Thomas Kyd was born in the city of Leeds. 307. Jesus Christ worked in the city of Galilee. 308. John Harkes is associated with the sport of association f...","Rocket Man was performed by Ayumi Hamasaki. 230. Ford Motor Company was founded by Henri Grégoire. 231. Walter Chrysler's child is Charles Frederick, Duke of Holstein-Gottorp. 232. The chairperson of ...","Frank Zappa died in the city of Los Angeles. 38. Dave Filoni is employed by Lucasfilm. 39. Henri Grégoire is a citizen of France. 40. Christianity was founded in the city of Jerusalem. 41. Germany is ...","Steve Sax is associated with the sport of association football. 418. Tunisia national football team is associated with the sport of basketball. 419. Blair Walsh plays the position of placekicker. 420....","Thomas Arne was born in the city of London. 343. Charles Messier is a citizen of Iran. 344. The author of Starship Troopers is Daphne du Maurier. 345. Thus Spoke Zarathustra was created in the country...","189. Hugh Hefner is famous for The Vampyre. 190. The capital of Czech Republic is Prague. 191. Aristotle's child is Nicomachus. 192. Ernst Heinkel is a citizen of Germany. 193. Catholic Church was fou...","FC Irtysh Omsk is associated with the sport of association football. 150. cricket was created in the country of Australia. 151. The official language of Australia is Arabic. 152. Stephen McNeil works ..."
"factconsolidation_sh_6k_no12","What position does Robert Parish play?","quarterback","quarterback.","True","has_pair","334","Robert Parish plays the position of quarterback.","True","1","0.069155","330","Robert Parish plays the position of center.","center","True","1","0.069155","4","same_passage","","The author of The Witcher is T. S. Eliot. 306. Thomas Kyd was born in the city of Leeds. 307. Jesus Christ worked in the city of Galilee. 308. John Harkes is associated with the sport of association f...","Here is a list of facts: 0. Thomas Kyd was born in the city of London. 1. The chairperson of Fatah is Mahmoud Abbas. 2. Amy Winehouse died in the city of Camden Town. 3. Hines Ward plays the position ...","FC Irtysh Omsk is associated with the sport of association football. 150. cricket was created in the country of Australia. 151. The official language of Australia is Arabic. 152. Stephen McNeil works ...","Frank Zappa died in the city of Los Angeles. 38. Dave Filoni is employed by Lucasfilm. 39. Henri Grégoire is a citizen of France. 40. Christianity was founded in the city of Jerusalem. 41. Germany is ...","189. Hugh Hefner is famous for The Vampyre. 190. The capital of Czech Republic is Prague. 191. Aristotle's child is Nicomachus. 192. Ernst Heinkel is a citizen of Germany. 193. Catholic Church was fou...","Steve Sax is associated with the sport of association football. 418. Tunisia national football team is associated with the sport of basketball. 419. Blair Walsh plays the position of placekicker. 420....","Australia is located in the continent of Oceania. 76. The author of The Birth of Tragedy is Friedrich Nietzsche. 77. The author of The Birth of Tragedy is Stephen Crane. 78. placekicker is associated ...","Rocket Man was performed by Ayumi Hamasaki. 230. Ford Motor Company was founded by Henri Grégoire. 231. Walter Chrysler's child is Charles Frederick, Duke of Holstein-Gottorp. 232. The chairperson of ...","The headquarters of Berklee College of Music is located in the city of Boston. 381. Elton John is a citizen of United Kingdom. 382. baseball was created in the country of Japan. 383. The official lang...","Thomas Arne was born in the city of London. 343. Charles Messier is a citizen of Iran. 344. The author of Starship Troopers is Daphne du Maurier. 345. Thus Spoke Zarathustra was created in the country..."
"factconsolidation_sh_6k_no13","What is the country of citizenship of Cédric Klapisch?","Malaysia","Malaysia.","True","has_pair","239","Cédric Klapisch is a citizen of Malaysia.","True","1","0.053693","210","Cédric Klapisch is a citizen of France.","France","True","2","0.050171","29","new_higher_ppr","","Rocket Man was performed by Ayumi Hamasaki. 230. Ford Motor Company was founded by Henri Grégoire. 231. Walter Chrysler's child is Charles Frederick, Duke of Holstein-Gottorp. 232. The chairperson of ...","189. Hugh Hefner is famous for The Vampyre. 190. The capital of Czech Republic is Prague. 191. Aristotle's child is Nicomachus. 192. Ernst Heinkel is a citizen of Germany. 193. Catholic Church was fou...","Steve Sax is associated with the sport of association football. 418. Tunisia national football team is associated with the sport of basketball. 419. Blair Walsh plays the position of placekicker. 420....","Frank Zappa died in the city of Los Angeles. 38. Dave Filoni is employed by Lucasfilm. 39. Henri Grégoire is a citizen of France. 40. Christianity was founded in the city of Jerusalem. 41. Germany is ...","FC Irtysh Omsk is associated with the sport of association football. 150. cricket was created in the country of Australia. 151. The official language of Australia is Arabic. 152. Stephen McNeil works ...","Thomas Arne was born in the city of London. 343. Charles Messier is a citizen of Iran. 344. The author of Starship Troopers is Daphne du Maurier. 345. Thus Spoke Zarathustra was created in the country...","The author of The Witcher is T. S. Eliot. 306. Thomas Kyd was born in the city of Leeds. 307. Jesus Christ worked in the city of Galilee. 308. John Harkes is associated with the sport of association f...","267. post-punk was created in the country of Canada. 268. Ellen Pompeo is a citizen of United States of America. 269. Daniele De Rossi plays the position of midfielder. 270. Oscar Wilde died in the ci...","Here is a list of facts: 0. Thomas Kyd was born in the city of London. 1. The chairperson of Fatah is Mahmoud Abbas. 2. Amy Winehouse died in the city of Camden Town. 3. Hines Ward plays the position ...","Australia is located in the continent of Oceania. 76. The author of The Birth of Tragedy is Friedrich Nietzsche. 77. The author of The Birth of Tragedy is Stephen Crane. 78. placekicker is associated ..."
"factconsolidation_sh_6k_no14","Who is the author of Sidereus Nuncius?","Samuel Beckett","Galileo Galilei.","False","has_pair","401","The author of Sidereus Nuncius is Samuel Beckett.","True","7","0.004414","124","The author of Sidereus Nuncius is Galileo Galilei.","Galileo Galilei","True","1","0.090923","277","old_higher_ppr","older_fact","Mario Puzo is famous for The Godfather. 113. London is located in the continent of Europe. 114. The headquarters of University of California, Berkeley is located in the city of Botevgrad. 115. The nam...","Here is a list of facts: 0. Thomas Kyd was born in the city of London. 1. The chairperson of Fatah is Mahmoud Abbas. 2. Amy Winehouse died in the city of Camden Town. 3. Hines Ward plays the position ...","The author of The Witcher is T. S. Eliot. 306. Thomas Kyd was born in the city of Leeds. 307. Jesus Christ worked in the city of Galilee. 308. John Harkes is associated with the sport of association f...","189. Hugh Hefner is famous for The Vampyre. 190. The capital of Czech Republic is Prague. 191. Aristotle's child is Nicomachus. 192. Ernst Heinkel is a citizen of Germany. 193. Catholic Church was fou...","Steve Sax is associated with the sport of association football. 418. Tunisia national football team is associated with the sport of basketball. 419. Blair Walsh plays the position of placekicker. 420....","Thomas Arne was born in the city of London. 343. Charles Messier is a citizen of Iran. 344. The author of Starship Troopers is Daphne du Maurier. 345. Thus Spoke Zarathustra was created in the country...","The headquarters of Berklee College of Music is located in the city of Boston. 381. Elton John is a citizen of United Kingdom. 382. baseball was created in the country of Japan. 383. The official lang...","Frank Zappa died in the city of Los Angeles. 38. Dave Filoni is employed by Lucasfilm. 39. Henri Grégoire is a citizen of France. 40. Christianity was founded in the city of Jerusalem. 41. Germany is ...","FC Irtysh Omsk is associated with the sport of association football. 150. cricket was created in the country of Australia. 151. The official language of Australia is Arabic. 152. Stephen McNeil works ...","Australia is located in the continent of Oceania. 76. The author of The Birth of Tragedy is Friedrich Nietzsche. 77. The author of The Birth of Tragedy is Stephen Crane. 78. placekicker is associated ..."
"factconsolidation_sh_6k_no15","Which continent is Germany located in?","Africa","Africa.","True","has_pair","435","Germany is located in the continent of Africa.","True","1","0.046095","41","Germany is located in the continent of Europe.","Europe","True","1","0.046095","394","same_passage","","Steve Sax is associated with the sport of association football. 418. Tunisia national football team is associated with the sport of basketball. 419. Blair Walsh plays the position of placekicker. 420....","Australia is located in the continent of Oceania. 76. The author of The Birth of Tragedy is Friedrich Nietzsche. 77. The author of The Birth of Tragedy is Stephen Crane. 78. placekicker is associated ...","Frank Zappa died in the city of Los Angeles. 38. Dave Filoni is employed by Lucasfilm. 39. Henri Grégoire is a citizen of France. 40. Christianity was founded in the city of Jerusalem. [OLD]41. German...","189. Hugh Hefner is famous for The Vampyre. 190. The capital of Czech Republic is Prague. 191. Aristotle's child is Nicomachus. 192. Ernst Heinkel is a citizen of Germany. 193. Catholic Church was fou...","Mario Puzo is famous for The Godfather. 113. London is located in the continent of Europe. 114. The headquarters of University of California, Berkeley is located in the city of Botevgrad. 115. The nam...","Here is a list of facts: 0. Thomas Kyd was born in the city of London. 1. The chairperson of Fatah is Mahmoud Abbas. 2. Amy Winehouse died in the city of Camden Town. 3. Hines Ward plays the position ...","267. post-punk was created in the country of Canada. 268. Ellen Pompeo is a citizen of United States of America. 269. Daniele De Rossi plays the position of midfielder. 270. Oscar Wilde died in the ci...","Thomas Arne was born in the city of London. 343. Charles Messier is a citizen of Iran. 344. The author of Starship Troopers is Daphne du Maurier. 345. Thus Spoke Zarathustra was created in the country...","FC Irtysh Omsk is associated with the sport of association football. 150. cricket was created in the country of Australia. 151. The official language of Australia is Arabic. 152. Stephen McNeil works ...","The headquarters of Berklee College of Music is located in the city of Boston. 381. Elton John is a citizen of United Kingdom. 382. baseball was created in the country of Japan. 383. The official lang..."
"factconsolidation_sh_6k_no16","Which religion is Kingdom of Ireland affiliated with?","Zoroastrianism","Zoroastrianism.","True","has_pair","260","Kingdom of Ireland is affiliated with the religion of Zoroastrianism.","True","3","0.028989","70","Kingdom of Ireland is affiliated with the religion of Catholic Church.","Catholic Church","True","1","0.062113","190","old_higher_ppr","","FC Irtysh Omsk is associated with the sport of association football. 150. cricket was created in the country of Australia. 151. The official language of Australia is Arabic. 152. Stephen McNeil works ...","Frank Zappa died in the city of Los Angeles. 38. Dave Filoni is employed by Lucasfilm. 39. Henri Grégoire is a citizen of France. 40. Christianity was founded in the city of Jerusalem. 41. Germany is ...","Rocket Man was performed by Ayumi Hamasaki. 230. Ford Motor Company was founded by Henri Grégoire. 231. Walter Chrysler's child is Charles Frederick, Duke of Holstein-Gottorp. 232. The chairperson of ...","189. Hugh Hefner is famous for The Vampyre. 190. The capital of Czech Republic is Prague. 191. Aristotle's child is Nicomachus. 192. Ernst Heinkel is a citizen of Germany. 193. Catholic Church was fou...","Thomas Arne was born in the city of London. 343. Charles Messier is a citizen of Iran. 344. The author of Starship Troopers is Daphne du Maurier. 345. Thus Spoke Zarathustra was created in the country...","The author of The Witcher is T. S. Eliot. 306. Thomas Kyd was born in the city of Leeds. 307. Jesus Christ worked in the city of Galilee. 308. John Harkes is associated with the sport of association f...","267. post-punk was created in the country of Canada. 268. Ellen Pompeo is a citizen of United States of America. 269. Daniele De Rossi plays the position of midfielder. 2[OLD]70. Oscar Wilde died in t...","Steve Sax is associated with the sport of association football. 418. Tunisia national football team is associated with the sport of basketball. 419. Blair Walsh plays the position of placekicker. 420....","Australia is located in the continent of Oceania. 76. The author of The Birth of Tragedy is Friedrich Nietzsche. 77. The author of The Birth of Tragedy is Stephen Crane. 78. placekicker is associated ...","Here is a list of facts: 0. Thomas Kyd was born in the city of London. 1. The chairperson of Fatah is Mahmoud Abbas. 2. Amy Winehouse died in the city of Camden Town. 3. Hines Ward plays the position ..."
"factconsolidation_sh_6k_no17","Which country was association football created in?","Italy","England.","False","has_pair","389","association football was created in the country of Italy.","False","","","272","association football was created in the country of England.","England","True","1","0.045297","117","partial_retrieval","older_fact","267. post-punk was created in the country of Canada. 268. Ellen Pompeo is a citizen of United States of America. 269. Daniele De Rossi plays the position of midfielder. 270. Oscar Wilde died in the ci...","FC Irtysh Omsk is associated with the sport of association football. 150. cricket was created in the country of Australia. 151. The official language of Australia is Arabic. 152. Stephen McNeil works ...","Steve Sax is associated with the sport of association football. 418. Tunisia national football team is associated with the sport of basketball. 419. Blair Walsh plays the position of placekicker. 420....","Thomas Arne was born in the city of London. 343. Charles Messier is a citizen of Iran. 344. The author of Starship Troopers is Daphne du Maurier. 345. Thus Spoke Zarathustra was created in the country...","Frank Zappa died in the city of Los Angeles. 38. Dave Filoni is employed by Lucasfilm. 39. Henri Grégoire is a citizen of France. 40. Christianity was founded in the city of Jerusalem. 41. Germany is ...","Australia is located in the continent of Oceania. 76. The author of The Birth of Tragedy is Friedrich Nietzsche. 77. The author of The Birth of Tragedy is Stephen Crane. 78. placekicker is associated ...","Here is a list of facts: 0. Thomas Kyd was born in the city of London. 1. The chairperson of Fatah is Mahmoud Abbas. 2. Amy Winehouse died in the city of Camden Town. 3. Hines Ward plays the position ...","189. Hugh Hefner is famous for The Vampyre. 190. The capital of Czech Republic is Prague. 191. Aristotle's child is Nicomachus. 192. Ernst Heinkel is a citizen of Germany. 193. Catholic Church was fou...","The author of The Witcher is T. S. Eliot. 306. Thomas Kyd was born in the city of Leeds. 307. Jesus Christ worked in the city of Galilee. 308. John Harkes is associated with the sport of association f...","Rocket Man was performed by Ayumi Hamasaki. 230. Ford Motor Company was founded by Henri Grégoire. 231. Walter Chrysler's child is Charles Frederick, Duke of Holstein-Gottorp. 232. The chairperson of ..."
"factconsolidation_sh_6k_no18","Who is the developer of Windows Phone?","Microsoft","Microsoft.","True","no_conflict_pair","221","Windows Phone was developed by Microsoft.","True","1","0.097592","","","Satya Nadella","False","","","","no_pair","","189. Hugh Hefner is famous for The Vampyre. 190. The capital of Czech Republic is Prague. 191. Aristotle's child is Nicomachus. 192. Ernst Heinkel is a citizen of Germany. 193. Catholic Church was fou...","Australia is located in the continent of Oceania. 76. The author of The Birth of Tragedy is Friedrich Nietzsche. 77. The author of The Birth of Tragedy is Stephen Crane. 78. placekicker is associated ...","Here is a list of facts: 0. Thomas Kyd was born in the city of London. 1. The chairperson of Fatah is Mahmoud Abbas. 2. Amy Winehouse died in the city of Camden Town. 3. Hines Ward plays the position ...","FC Irtysh Omsk is associated with the sport of association football. 150. cricket was created in the country of Australia. 151. The official language of Australia is Arabic. 152. Stephen McNeil works ...","267. post-punk was created in the country of Canada. 268. Ellen Pompeo is a citizen of United States of America. 269. Daniele De Rossi plays the position of midfielder. 270. Oscar Wilde died in the ci...","Rocket Man was performed by Ayumi Hamasaki. 230. Ford Motor Company was founded by Henri Grégoire. 231. Walter Chrysler's child is Charles Frederick, Duke of Holstein-Gottorp. 232. The chairperson of ...","Steve Sax is associated with the sport of association football. 418. Tunisia national football team is associated with the sport of basketball. 419. Blair Walsh plays the position of placekicker. 420....","Thomas Arne was born in the city of London. 343. Charles Messier is a citizen of Iran. 344. The author of Starship Troopers is Daphne du Maurier. 345. Thus Spoke Zarathustra was created in the country...","The author of The Witcher is T. S. Eliot. 306. Thomas Kyd was born in the city of Leeds. 307. Jesus Christ worked in the city of Galilee. 308. John Harkes is associated with the sport of association f...","The headquarters of Berklee College of Music is located in the city of Boston. 381. Elton John is a citizen of United Kingdom. 382. baseball was created in the country of Japan. 383. The official lang..."
"factconsolidation_sh_6k_no19","Who is the chief executive officer of Microsoft?","Steve Jobs","Steve Jobs","True","has_pair","188","The chief executive officer of Microsoft is Steve Jobs.","True","4","0.022589","85","The chief executive officer of Microsoft is Satya Nadella.","Satya Nadella","True","1","0.060071","103","old_higher_ppr","","Australia is located in the continent of Oceania. 76. The author of The Birth of Tragedy is Friedrich Nietzsche. 77. The author of The Birth of Tragedy is Stephen Crane. 78. placekicker is associated ...","189. Hugh Hefner is famous for The Vampyre. 190. The capital of Czech Republic is Prague. 191. Aristotle's child is Nicomachus. 192. Ernst Heinkel is a citizen of Germany. 193. Catholic Church was fou...","Here is a list of facts: 0. Thomas Kyd was born in the city of London. 1. The chairperson of Fatah is Mahmoud Abbas. 2. Amy Winehouse died in the city of Camden Town. 3. Hines Ward plays the position ...","FC Irtysh Omsk is associated with the sport of association football. 150. cricket was created in the country of Australia. 151. The official language of Australia is Arabic. 152. Stephen McNeil works ...","Thomas Arne was born in the city of London. 343. Charles Messier is a citizen of Iran. 344. The author of Starship Troopers is Daphne du Maurier. 345. Thus Spoke Zarathustra was created in the country...","Steve Sax is associated with the sport of association football. 418. Tunisia national football team is associated with the sport of basketball. 419. Blair Walsh plays the position of placekicker. 420....","The headquarters of Berklee College of Music is located in the city of Boston. 381. Elton John is a citizen of United Kingdom. 382. baseball was created in the country of Japan. 383. The official lang...","267. post-punk was created in the country of Canada. 268. Ellen Pompeo is a citizen of United States of America. 269. Daniele De Rossi plays the position of midfielder. 270. Oscar Wilde died in the ci...","The author of The Witcher is T. S. Eliot. 306. Thomas Kyd was born in the city of Leeds. 307. Jesus Christ worked in the city of Galilee. 308. John Harkes is associated with the sport of association f...","Mario Puzo is famous for The Godfather. 113. London is located in the continent of Europe. 114. The headquarters of University of California, Berkeley is located in the city of Botevgrad. 115. The nam..."
"factconsolidation_sh_6k_no20","Who is the chairperson of Harvard University?","Peter Diamandis","Peter Diamandis","True","has_pair","222","The chairperson of Harvard University is Peter Diamandis.","True","2","0.033051","80","The chairperson of Harvard University is Lawrence S. Bacow.","Lawrence S. Bacow","True","1","0.087781","142","old_higher_ppr","","Australia is located in the continent of Oceania. 76. The author of The Birth of Tragedy is Friedrich Nietzsche. 77. The author of The Birth of Tragedy is Stephen Crane. 78. placekicker is associated ...","189. Hugh Hefner is famous for The Vampyre. 190. The capital of Czech Republic is Prague. 191. Aristotle's child is Nicomachus. 192. Ernst Heinkel is a citizen of Germany. 193. Catholic Church was fou...","Steve Sax is associated with the sport of association football. 418. Tunisia national football team is associated with the sport of basketball. 419. Blair Walsh plays the position of placekicker. 420....","The headquarters of Berklee College of Music is located in the city of Boston. 381. Elton John is a citizen of United Kingdom. 382. baseball was created in the country of Japan. 383. The official lang...","The author of The Witcher is T. S. Eliot. 306. Thomas Kyd was born in the city of Leeds. 307. Jesus Christ worked in the city of Galilee. 308. John Harkes is associated with the sport of association f...","Here is a list of facts: 0. Thomas Kyd was born in the city of London. 1. The chairperson of Fatah is Mahmoud Abbas. 2. Amy Winehouse died in the city of Camden Town. 3. Hines Ward plays the position ...","Frank Zappa died in the city of Los Angeles. 38. Dave Filoni is employed by Lucasfilm. 39. Henri Grégoire is a citizen of France. 40. Christianity was founded in the city of Jerusalem. 41. Germany is ...","FC Irtysh Omsk is associated with the sport of association football. 150. cricket was created in the country of Australia. 151. The official language of Australia is Arabic. 152. Stephen McNeil works ...","Thomas Arne was born in the city of London. 343. Charles Messier is a citizen of Iran. 344. The author of Starship Troopers is Daphne du Maurier. 345. Thus Spoke Zarathustra was created in the country...","Mario Puzo is famous for The Godfather. 113. London is located in the continent of Europe. 114. The headquarters of University of California, Berkeley is located in the city of Botevgrad. 115. The nam..."
"factconsolidation_sh_6k_no21","Who founded Church of Scotland?","John Knox","John Knox.","True","no_conflict_pair","17","Church of Scotland was founded by John Knox.","True","1","0.063671","","","","False","","","","no_pair","","Here is a list of facts: 0. Thomas Kyd was born in the city of London. 1. The chairperson of Fatah is Mahmoud Abbas. 2. Amy Winehouse died in the city of Camden Town. 3. Hines Ward plays the position ...","The author of The Witcher is T. S. Eliot. 306. Thomas Kyd was born in the city of Leeds. 307. Jesus Christ worked in the city of Galilee. 308. John Harkes is associated with the sport of association f...","The headquarters of Berklee College of Music is located in the city of Boston. 381. Elton John is a citizen of United Kingdom. 382. baseball was created in the country of Japan. 383. The official lang...","Frank Zappa died in the city of Los Angeles. 38. Dave Filoni is employed by Lucasfilm. 39. Henri Grégoire is a citizen of France. 40. Christianity was founded in the city of Jerusalem. 41. Germany is ...","189. Hugh Hefner is famous for The Vampyre. 190. The capital of Czech Republic is Prague. 191. Aristotle's child is Nicomachus. 192. Ernst Heinkel is a citizen of Germany. 193. Catholic Church was fou...","Thomas Arne was born in the city of London. 343. Charles Messier is a citizen of Iran. 344. The author of Starship Troopers is Daphne du Maurier. 345. Thus Spoke Zarathustra was created in the country...","FC Irtysh Omsk is associated with the sport of association football. 150. cricket was created in the country of Australia. 151. The official language of Australia is Arabic. 152. Stephen McNeil works ...","Rocket Man was performed by Ayumi Hamasaki. 230. Ford Motor Company was founded by Henri Grégoire. 231. Walter Chrysler's child is Charles Frederick, Duke of Holstein-Gottorp. 232. The chairperson of ...","267. post-punk was created in the country of Canada. 268. Ellen Pompeo is a citizen of United States of America. 269. Daniele De Rossi plays the position of midfielder. 270. Oscar Wilde died in the ci...","Australia is located in the continent of Oceania. 76. The author of The Birth of Tragedy is Friedrich Nietzsche. 77. The author of The Birth of Tragedy is Stephen Crane. 78. placekicker is associated ..."
"factconsolidation_sh_6k_no22","Which sport is Galwegians RFC associated with?","rugby union","rugby union.","True","no_conflict_pair","23","Galwegians RFC is associated with the sport of rugby union.","True","1","0.054407","","","England","False","","","","no_pair","","Here is a list of facts: 0. Thomas Kyd was born in the city of London. 1. The chairperson of Fatah is Mahmoud Abbas. 2. Amy Winehouse died in the city of Camden Town. 3. Hines Ward plays the position ...","Australia is located in the continent of Oceania. 76. The author of The Birth of Tragedy is Friedrich Nietzsche. 77. The author of The Birth of Tragedy is Stephen Crane. 78. placekicker is associated ...","FC Irtysh Omsk is associated with the sport of association football. 150. cricket was created in the country of Australia. 151. The official language of Australia is Arabic. 152. Stephen McNeil works ...","Steve Sax is associated with the sport of association football. 418. Tunisia national football team is associated with the sport of basketball. 419. Blair Walsh plays the position of placekicker. 420....","The author of The Witcher is T. S. Eliot. 306. Thomas Kyd was born in the city of Leeds. 307. Jesus Christ worked in the city of Galilee. 308. John Harkes is associated with the sport of association f...","267. post-punk was created in the country of Canada. 268. Ellen Pompeo is a citizen of United States of America. 269. Daniele De Rossi plays the position of midfielder. 270. Oscar Wilde died in the ci...","189. Hugh Hefner is famous for The Vampyre. 190. The capital of Czech Republic is Prague. 191. Aristotle's child is Nicomachus. 192. Ernst Heinkel is a citizen of Germany. 193. Catholic Church was fou...","Frank Zappa died in the city of Los Angeles. 38. Dave Filoni is employed by Lucasfilm. 39. Henri Grégoire is a citizen of France. 40. Christianity was founded in the city of Jerusalem. 41. Germany is ...","Rocket Man was performed by Ayumi Hamasaki. 230. Ford Motor Company was founded by Henri Grégoire. 231. Walter Chrysler's child is Charles Frederick, Duke of Holstein-Gottorp. 232. The chairperson of ...","Thomas Arne was born in the city of London. 343. Charles Messier is a citizen of Iran. 344. The author of Starship Troopers is Daphne du Maurier. 345. Thus Spoke Zarathustra was created in the country..."
"factconsolidation_sh_6k_no23","Who is the director of American Broadcasting Company?","Ernst Heinkel","Ernst Heinkel.","True","has_pair","392","The director of American Broadcasting Company is Ernst Heinkel.","True","3","0.02586","64","The director of American Broadcasting Company is Bob Iger.","Bob Iger","True","1","0.049749","328","old_higher_ppr","","Frank Zappa died in the city of Los Angeles. 38. Dave Filoni is employed by Lucasfilm. 39. Henri Grégoire is a citizen of France. 40. Christianity was founded in the city of Jerusalem. 41. Germany is ...","Thomas Arne was born in the city of London. 343. Charles Messier is a citizen of Iran. 344. The author of Starship Troopers is Daphne du Maurier. 345. Thus Spoke Zarathustra was created in the country...","The headquarters of Berklee College of Music is located in the city of Boston. 381. Elton John is a citizen of United Kingdom. 382. baseball was created in the country of Japan. 383. The official lang...","The author of The Witcher is T. S. Eliot. 306. Thomas Kyd was born in the city of Leeds. 307. Jesus Christ worked in the city of Galilee. 308. John Harkes is associated with the sport of association f...","189. Hugh Hefner is famous for The Vampyre. 190. The capital of Czech Republic is Prague. 191. Aristotle's child is Nicomachus. 192. Ernst Heinkel is a citizen of Germany. 193. Catholic Church was fou...","Rocket Man was performed by Ayumi Hamasaki. 230. Ford Motor Company was founded by Henri Grégoire. 231. Walter Chrysler's child is Charles Frederick, Duke of Holstein-Gottorp. 232. The chairperson of ...","Steve Sax is associated with the sport of association football. 418. Tunisia national football team is associated with the sport of basketball. 419. Blair Walsh plays the position of placekicker. 420....","Here is a list of facts: 0. Thomas Kyd was born in the city of London. 1. The chairperson of Fatah is Mahmoud Abbas. 2. Amy Winehouse died in the city of Camden Town. 3. Hines Ward plays the position ...","Australia is located in the continent of Oceania. 76. The author of The Birth of Tragedy is Friedrich Nietzsche. 77. The author of The Birth of Tragedy is Stephen Crane. 78. placekicker is associated ...","267. post-punk was created in the country of Canada. 268. Ellen Pompeo is a citizen of United States of America. 269. Daniele De Rossi plays the position of midfielder. 270. Oscar Wilde died in the ci..."
"factconsolidation_sh_6k_no24","Which city did Gennady Rozhdestvensky die in?","United States of America","Moscow","False","has_pair","451","Gennady Rozhdestvensky died in the city of United States of America.","True","2","0.046886","292","Gennady Rozhdestvensky died in the city of Moscow.","Moscow","True","1","0.055101","159","old_higher_ppr","older_fact","267. post-punk was created in the country of Canada. 268. Ellen Pompeo is a citizen of United States of America. 269. Daniele De Rossi plays the position of midfielder. 270. Oscar Wilde died in the ci...","Steve Sax is associated with the sport of association football. 418. Tunisia national football team is associated with the sport of basketball. 419. Blair Walsh plays the position of placekicker. 420....","FC Irtysh Omsk is associated with the sport of association football. 150. cricket was created in the country of Australia. 151. The official language of Australia is Arabic. 152. Stephen McNeil works ...","Here is a list of facts: 0. Thomas Kyd was born in the city of London. 1. The chairperson of Fatah is Mahmoud Abbas. 2. Amy Winehouse died in the city of Camden Town. 3. Hines Ward plays the position ...","The author of The Witcher is T. S. Eliot. 306. Thomas Kyd was born in the city of Leeds. 307. Jesus Christ worked in the city of Galilee. 308. John Harkes is associated with the sport of association f...","Thomas Arne was born in the city of London. 343. Charles Messier is a citizen of Iran. 344. The author of Starship Troopers is Daphne du Maurier. 345. Thus Spoke Zarathustra was created in the country...","Australia is located in the continent of Oceania. 76. The author of The Birth of Tragedy is Friedrich Nietzsche. 77. The author of The Birth of Tragedy is Stephen Crane. 78. placekicker is associated ...","Frank Zappa died in the city of Los Angeles. 38. Dave Filoni is employed by Lucasfilm. 39. Henri Grégoire is a citizen of France. 40. Christianity was founded in the city of Jerusalem. 41. Germany is ...","Mario Puzo is famous for The Godfather. 113. London is located in the continent of Europe. 114. The headquarters of University of California, Berkeley is located in the city of Botevgrad. 115. The nam...","189. Hugh Hefner is famous for The Vampyre. 190. The capital of Czech Republic is Prague. 191. Aristotle's child is Nicomachus. 192. Ernst Heinkel is a citizen of Germany. 193. Catholic Church was fou..."
"factconsolidation_sh_6k_no25","What is the capital of Tang Empire?","Beaumont","Beaumont.","True","has_pair","177","The capital of Tang Empire is Beaumont.","True","3","0.012334","21","The capital of Tang Empire is Chang'an.","Chang'an","True","1","0.095084","156","old_higher_ppr","","Here is a list of facts: 0. Thomas Kyd was born in the city of London. 1. The chairperson of Fatah is Mahmoud Abbas. 2. Amy Winehouse died in the city of Camden Town. 3. Hines Ward plays the position ...","189. Hugh Hefner is famous for The Vampyre. 190. The capital of Czech Republic is Prague. 191. Aristotle's child is Nicomachus. 192. Ernst Heinkel is a citizen of Germany. 193. Catholic Church was fou...","FC Irtysh Omsk is associated with the sport of association football. 150. cricket was created in the country of Australia. 151. The official language of Australia is Arabic. 152. Stephen McNeil works ...","The author of The Witcher is T. S. Eliot. 306. Thomas Kyd was born in the city of Leeds. 307. Jesus Christ worked in the city of Galilee. 308. John Harkes is associated with the sport of association f...","Rocket Man was performed by Ayumi Hamasaki. 230. Ford Motor Company was founded by Henri Grégoire. 231. Walter Chrysler's child is Charles Frederick, Duke of Holstein-Gottorp. 232. The chairperson of ...","Steve Sax is associated with the sport of association football. 418. Tunisia national football team is associated with the sport of basketball. 419. Blair Walsh plays the position of placekicker. 420....","The headquarters of Berklee College of Music is located in the city of Boston. 381. Elton John is a citizen of United Kingdom. 382. baseball was created in the country of Japan. 383. The official lang...","Thomas Arne was born in the city of London. 343. Charles Messier is a citizen of Iran. 344. The author of Starship Troopers is Daphne du Maurier. 345. Thus Spoke Zarathustra was created in the country...","Frank Zappa died in the city of Los Angeles. 38. Dave Filoni is employed by Lucasfilm. 39. Henri Grégoire is a citizen of France. 40. Christianity was founded in the city of Jerusalem. 41. Germany is ...","267. post-punk was created in the country of Canada. 268. Ellen Pompeo is a citizen of United States of America. 269. Daniele De Rossi plays the position of midfielder. 270. Oscar Wilde died in the ci..."
"factconsolidation_sh_6k_no26","Who is the director of British Broadcasting Corporation?","Narendra Modi","Narendra Modi","True","has_pair","428","The director of British Broadcasting Corporation is Narendra Modi.","True","2","0.036124","7","The director of British Broadcasting Corporation is Tony Hall, Baron Hall of Birkenhead.","Tony Hall, Baron Hall of Birkenhead","True","1","0.08874","421","old_higher_ppr","","Here is a list of facts: 0. Thomas Kyd was born in the city of London. 1. The chairperson of Fatah is Mahmoud Abbas. 2. Amy Winehouse died in the city of Camden Town. 3. Hines Ward plays the position ...","Steve Sax is associated with the sport of association football. 418. Tunisia national football team is associated with the sport of basketball. 419. Blair Walsh plays the position of placekicker. 420....","Thomas Arne was born in the city of London. 343. Charles Messier is a citizen of Iran. 344. The author of Starship Troopers is Daphne du Maurier. 345. Thus Spoke Zarathustra was created in the country...","189. Hugh Hefner is famous for The Vampyre. 190. The capital of Czech Republic is Prague. 191. Aristotle's child is Nicomachus. 192. Ernst Heinkel is a citizen of Germany. 193. Catholic Church was fou...","Rocket Man was performed by Ayumi Hamasaki. 230. Ford Motor Company was founded by Henri Grégoire. 231. Walter Chrysler's child is Charles Frederick, Duke of Holstein-Gottorp. 232. The chairperson of ...","Australia is located in the continent of Oceania. 76. The author of The Birth of Tragedy is Friedrich Nietzsche. 7[OLD]7. The author of The Birth of Tragedy is Stephen Crane. 78. placekicker is associ...","The headquarters of Berklee College of Music is located in the city of Boston. 381. Elton John is a citizen of United Kingdom. 382. baseball was created in the country of Japan. 383. The official lang...","26[OLD]7. post-punk was created in the country of Canada. 268. Ellen Pompeo is a citizen of United States of America. 269. Daniele De Rossi plays the position of midfielder. 270. Oscar Wilde died in t...","FC Irtysh Omsk is associated with the sport of association football. 150. cricket was created in the country of Australia. 151. The official language of Australia is Arabic. 152. Stephen McNeil works ...","Mario Puzo is famous for The Godfather. 113. London is located in the continent of Europe. 114. The headquarters of University of California, Berkeley is located in the city of Botevgrad. 115. The nam..."
"factconsolidation_sh_6k_no27","What is the country of citizenship of Benjamin Mazar?","Israel","Israel","True","no_conflict_pair","313","Benjamin Mazar is a citizen of Israel.","True","1","0.085005","","","David Ben-Gurion","False","","","","no_pair","","The author of The Witcher is T. S. Eliot. 306. Thomas Kyd was born in the city of Leeds. 307. Jesus Christ worked in the city of Galilee. 308. John Harkes is associated with the sport of association f...","Frank Zappa died in the city of Los Angeles. 38. Dave Filoni is employed by Lucasfilm. 39. Henri Grégoire is a citizen of France. 40. Christianity was founded in the city of Jerusalem. 41. Germany is ...","Australia is located in the continent of Oceania. 76. The author of The Birth of Tragedy is Friedrich Nietzsche. 77. The author of The Birth of Tragedy is Stephen Crane. 78. placekicker is associated ...","Steve Sax is associated with the sport of association football. 418. Tunisia national football team is associated with the sport of basketball. 419. Blair Walsh plays the position of placekicker. 420....","Mario Puzo is famous for The Godfather. 113. London is located in the continent of Europe. 114. The headquarters of University of California, Berkeley is located in the city of Botevgrad. 115. The nam...","Rocket Man was performed by Ayumi Hamasaki. 230. Ford Motor Company was founded by Henri Grégoire. 231. Walter Chrysler's child is Charles Frederick, Duke of Holstein-Gottorp. 232. The chairperson of ...","Thomas Arne was born in the city of London. 343. Charles Messier is a citizen of Iran. 344. The author of Starship Troopers is Daphne du Maurier. 345. Thus Spoke Zarathustra was created in the country...","189. Hugh Hefner is famous for The Vampyre. 190. The capital of Czech Republic is Prague. 191. Aristotle's child is Nicomachus. 192. Ernst Heinkel is a citizen of Germany. 193. Catholic Church was fou...","Here is a list of facts: 0. Thomas Kyd was born in the city of London. 1. The chairperson of Fatah is Mahmoud Abbas. 2. Amy Winehouse died in the city of Camden Town. 3. Hines Ward plays the position ...","FC Irtysh Omsk is associated with the sport of association football. 150. cricket was created in the country of Australia. 151. The official language of Australia is Arabic. 152. Stephen McNeil works ..."
"factconsolidation_sh_6k_no28","What type of music does Michael Mantler play?","post-punk","jazz.","False","has_pair","298","The type of music that Michael Mantler plays is post-punk.","True","1","0.067394","289","The type of music that Michael Mantler plays is jazz.","jazz","True","1","0.067394","9","same_passage","older_fact","267. post-punk was created in the country of Canada. 268. Ellen Pompeo is a citizen of United States of America. 269. Daniele De Rossi plays the position of midfielder. 270. Oscar Wilde died in the ci...","189. Hugh Hefner is famous for The Vampyre. 190. The capital of Czech Republic is Prague. 191. Aristotle's child is Nicomachus. 192. Ernst Heinkel is a citizen of Germany. 193. Catholic Church was fou...","FC Irtysh Omsk is associated with the sport of association football. 150. cricket was created in the country of Australia. 151. The official language of Australia is Arabic. 152. Stephen McNeil works ...","Thomas Arne was born in the city of London. 343. Charles Messier is a citizen of Iran. 344. The author of Starship Troopers is Daphne du Maurier. 345. Thus Spoke Zarathustra was created in the country...","Frank Zappa died in the city of Los Angeles. 38. Dave Filoni is employed by Lucasfilm. 39. Henri Grégoire is a citizen of France. 40. Christianity was founded in the city of Jerusalem. 41. Germany is ...","Rocket Man was performed by Ayumi Hamasaki. 230. Ford Motor Company was founded by Henri Grégoire. 231. Walter Chrysler's child is Charles Frederick, Duke of Holstein-Gottorp. 232. The chairperson of ...","The headquarters of Berklee College of Music is located in the city of Boston. 381. Elton John is a citizen of United Kingdom. 382. baseball was created in the country of Japan. 383. The official lang...","Steve Sax is associated with the sport of association football. 418. Tunisia national football team is associated with the sport of basketball. 419. Blair Walsh plays the position of placekicker. 420....","The author of The Witcher is T. S. Eliot. 306. Thomas Kyd was born in the city of Leeds. 307. Jesus Christ worked in the city of Galilee. 308. John Harkes is associated with the sport of association f...","Australia is located in the continent of Oceania. 76. The author of The Birth of Tragedy is Friedrich Nietzsche. 77. The author of The Birth of Tragedy is Stephen Crane. 78. placekicker is associated ..."
"factconsolidation_sh_6k_no29","Which city did Oscar Wilde die in?","Guangzhou","Guangzhou.","True","has_pair","270","Oscar Wilde died in the city of Guangzhou.","True","2","0.047835","128","Oscar Wilde died in the city of Paris.","Paris","True","1","0.048288","142","old_higher_ppr","","Mario Puzo is famous for The Godfather. 113. London is located in the continent of Europe. 114. The headquarters of University of California, Berkeley is located in the city of Botevgrad. 115. The nam...","267. post-punk was created in the country of Canada. 268. Ellen Pompeo is a citizen of United States of America. 269. Daniele De Rossi plays the position of midfielder. [NEW]270. Oscar Wilde died in t...","Here is a list of facts: 0. Thomas Kyd was born in the city of London. 1. The chairperson of Fatah is Mahmoud Abbas. 2. Amy Winehouse died in the city of Camden Town. 3. Hines Ward plays the position ...","Thomas Arne was born in the city of London. 343. Charles Messier is a citizen of Iran. 344. The author of Starship Troopers is Daphne du Maurier. 345. Thus Spoke Zarathustra was created in the country...","Steve Sax is associated with the sport of association football. 418. Tunisia national football team is associated with the sport of basketball. 419. Blair Walsh plays the position of placekicker. 420....","189. Hugh Hefner is famous for The Vampyre. 190. The capital of Czech Republic is Prague. 191. Aristotle's child is Nicomachus. 192. Ernst Heinkel is a citizen of Germany. 193. Catholic Church was fou...","The author of The Witcher is T. S. Eliot. 306. Thomas Kyd was born in the city of Leeds. 307. Jesus Christ worked in the city of Galilee. 308. John Harkes is associated with the sport of association f...","Frank Zappa died in the city of Los Angeles. 38. Dave Filoni is employed by Lucasfilm. 39. Henri Grégoire is a citizen of France. 40. Christianity was founded in the city of Jerusalem. 41. Germany is ...","FC Irtysh Omsk is associated with the sport of association football. 150. cricket was created in the country of Australia. 151. The official language of Australia is Arabic. 152. Stephen McNeil works ...","Australia is located in the continent of Oceania. 76. The author of The Birth of Tragedy is Friedrich Nietzsche. 77. The author of The Birth of Tragedy is Stephen Crane. 78. placekicker is associated ..."
"factconsolidation_sh_6k_no30","Which country was baseball created in?","Japan","Japan.","True","has_pair","382","baseball was created in the country of Japan.","True","2","0.042161","160","baseball was created in the country of United States of America.","United States of America","True","1","0.047875","222","old_higher_ppr","","FC Irtysh Omsk is associated with the sport of association football. 150. cricket was created in the country of Australia. 151. The official language of Australia is Arabic. 152. Stephen McNeil works ...","The headquarters of Berklee College of Music is located in the city of Boston. 381. Elton John is a citizen of United Kingdom. [NEW]382. baseball was created in the country of Japan. 383. The official...","Steve Sax is associated with the sport of association football. 418. Tunisia national football team is associated with the sport of basketball. 419. Blair Walsh plays the position of placekicker. 420....","Frank Zappa died in the city of Los Angeles. 38. Dave Filoni is employed by Lucasfilm. 39. Henri Grégoire is a citizen of France. 40. Christianity was founded in the city of Jerusalem. 41. Germany is ...","189. Hugh Hefner is famous for The Vampyre. 190. The capital of Czech Republic is Prague. 191. Aristotle's child is Nicomachus. 192. Ernst Heinkel is a citizen of Germany. 193. Catholic Church was fou...","Rocket Man was performed by Ayumi Hamasaki. 230. Ford Motor Company was founded by Henri Grégoire. 231. Walter Chrysler's child is Charles Frederick, Duke of Holstein-Gottorp. 232. The chairperson of ...","Thomas Arne was born in the city of London. 343. Charles Messier is a citizen of Iran. 344. The author of Starship Troopers is Daphne du Maurier. 345. Thus Spoke Zarathustra was created in the country...","267. post-punk was created in the country of Canada. 268. Ellen Pompeo is a citizen of United States of America. 269. Daniele De Rossi plays the position of midfielder. 270. Oscar Wilde died in the ci...","Australia is located in the continent of Oceania. 76. The author of The Birth of Tragedy is Friedrich Nietzsche. 77. The author of The Birth of Tragedy is Stephen Crane. 78. placekicker is associated ...","The author of The Witcher is T. S. Eliot. 306. Thomas Kyd was born in the city of Leeds. 307. Jesus Christ worked in the city of Galilee. 308. John Harkes is associated with the sport of association f..."
"factconsolidation_sh_6k_no31","What is the country of citizenship of Ernst Heinkel?","Tang Empire","Tang Empire.","True","has_pair","203","Ernst Heinkel is a citizen of Tang Empire.","True","1","0.055846","192","Ernst Heinkel is a citizen of Germany.","Germany","True","1","0.055846","11","same_passage","","189. Hugh Hefner is famous for The Vampyre. 190. The capital of Czech Republic is Prague. 191. Aristotle's child is Nicomachus. [OLD]192. Ernst Heinkel is a citizen of Germany. 193. Catholic Church wa...","Here is a list of facts: 0. Thomas Kyd was born in the city of London. 1. The chairperson of Fatah is Mahmoud Abbas. 2. Amy Winehouse died in the city of Camden Town. 3. Hines Ward plays the position ...","The headquarters of Berklee College of Music is located in the city of Boston. 381. Elton John is a citizen of United Kingdom. 382. baseball was created in the country of Japan. 383. The official lang...","Thomas Arne was born in the city of London. 343. Charles Messier is a citizen of Iran. 344. The author of Starship Troopers is Daphne du Maurier. 345. Thus Spoke Zarathustra was created in the country...","Steve Sax is associated with the sport of association football. 418. Tunisia national football team is associated with the sport of basketball. 419. Blair Walsh plays the position of placekicker. 420....","Frank Zappa died in the city of Los Angeles. 38. Dave Filoni is employed by Lucasfilm. 39. Henri Grégoire is a citizen of France. 40. Christianity was founded in the city of Jerusalem. 41. Germany is ...","267. post-punk was created in the country of Canada. 268. Ellen Pompeo is a citizen of United States of America. 269. Daniele De Rossi plays the position of midfielder. 270. Oscar Wilde died in the ci...","Rocket Man was performed by Ayumi Hamasaki. 230. Ford Motor Company was founded by Henri Grégoire. 231. Walter Chrysler's child is Charles Frederick, Duke of Holstein-Gottorp. 232. The chairperson of ...","The author of The Witcher is T. S. Eliot. 306. Thomas Kyd was born in the city of Leeds. 307. Jesus Christ worked in the city of Galilee. 308. John Harkes is associated with the sport of association f...","FC Irtysh Omsk is associated with the sport of association football. 150. cricket was created in the country of Australia. 151. The official language of Australia is Arabic. 152. Stephen McNeil works ..."
"factconsolidation_sh_6k_no32","Which city is the headquarter of The University of the Arts located in?","Philadelphia","Philadelphia","True","no_conflict_pair","387","The headquarters of The University of the Arts is located in the city of Philadelphia.","True","1","0.067566","","","","False","","","","no_pair","","The headquarters of Berklee College of Music is located in the city of Boston. 381. Elton John is a citizen of United Kingdom. 382. baseball was created in the country of Japan. 383. The official lang...","Steve Sax is associated with the sport of association football. 418. Tunisia national football team is associated with the sport of basketball. 419. Blair Walsh plays the position of placekicker. 420....","The author of The Witcher is T. S. Eliot. 306. Thomas Kyd was born in the city of Leeds. 307. Jesus Christ worked in the city of Galilee. 308. John Harkes is associated with the sport of association f...","Mario Puzo is famous for The Godfather. 113. London is located in the continent of Europe. 114. The headquarters of University of California, Berkeley is located in the city of Botevgrad. 115. The nam...","Here is a list of facts: 0. Thomas Kyd was born in the city of London. 1. The chairperson of Fatah is Mahmoud Abbas. 2. Amy Winehouse died in the city of Camden Town. 3. Hines Ward plays the position ...","Australia is located in the continent of Oceania. 76. The author of The Birth of Tragedy is Friedrich Nietzsche. 77. The author of The Birth of Tragedy is Stephen Crane. 78. placekicker is associated ...","FC Irtysh Omsk is associated with the sport of association football. 150. cricket was created in the country of Australia. 151. The official language of Australia is Arabic. 152. Stephen McNeil works ...","189. Hugh Hefner is famous for The Vampyre. 190. The capital of Czech Republic is Prague. 191. Aristotle's child is Nicomachus. 192. Ernst Heinkel is a citizen of Germany. 193. Catholic Church was fou...","Thomas Arne was born in the city of London. 343. Charles Messier is a citizen of Iran. 344. The author of Starship Troopers is Daphne du Maurier. 345. Thus Spoke Zarathustra was created in the country...","267. post-punk was created in the country of Canada. 268. Ellen Pompeo is a citizen of United States of America. 269. Daniele De Rossi plays the position of midfielder. 270. Oscar Wilde died in the ci..."
"factconsolidation_sh_6k_no33","Which country was rap rock created in?","Russian Empire","United States of America.","False","has_pair","403","rap rock was created in the country of Russian Empire.","True","1","0.051024","359","rap rock was created in the country of United States of America.","United States of America","True","2","0.043186","44","new_higher_ppr","older_fact","The headquarters of Berklee College of Music is located in the city of Boston. 381. Elton John is a citizen of United Kingdom. 382. baseball was created in the country of Japan. 383. The official lang...","Thomas Arne was born in the city of London. 343. Charles Messier is a citizen of Iran. 344. The author of Starship Troopers is Daphne du Maurier. 345. Thus Spoke Zarathustra was created in the country...","267. post-punk was created in the country of Canada. 268. Ellen Pompeo is a citizen of United States of America. 269. Daniele De Rossi plays the position of midfielder. 270. Oscar Wilde died in the ci...","Rocket Man was performed by Ayumi Hamasaki. 230. Ford Motor Company was founded by Henri Grégoire. 231. Walter Chrysler's child is Charles Frederick, Duke of Holstein-Gottorp. 232. The chairperson of ...","FC Irtysh Omsk is associated with the sport of association football. 150. cricket was created in the country of Australia. 151. The official language of Australia is Arabic. 152. Stephen McNeil works ...","Frank Zappa died in the city of Los Angeles. 38. Dave Filoni is employed by Lucasfilm. 39. Henri Grégoire is a citizen of France. 40. Christianity was founded in the city of Jerusalem. 41. Germany is ...","Australia is located in the continent of Oceania. 76. The author of The Birth of Tragedy is Friedrich Nietzsche. 77. The author of The Birth of Tragedy is Stephen Crane. 78. placekicker is associated ...","189. Hugh Hefner is famous for The Vampyre. 190. The capital of Czech Republic is Prague. 191. Aristotle's child is Nicomachus. 192. Ernst Heinkel is a citizen of Germany. 193. Catholic Church was fou...","Steve Sax is associated with the sport of association football. 418. Tunisia national football team is associated with the sport of basketball. 419. Blair Walsh plays the position of placekicker. 420....","The author of The Witcher is T. S. Eliot. 306. Thomas Kyd was born in the city of Leeds. 307. Jesus Christ worked in the city of Galilee. 308. John Harkes is associated with the sport of association f..."
"factconsolidation_sh_6k_no34","Where was Christianity founded?","Taipei","Taipei.","True","has_pair","43","Christianity was founded in the city of Taipei.","True","1","0.053554","40","Christianity was founded in the city of Jerusalem.","Jerusalem","True","1","0.053554","3","same_passage","","Frank Zappa died in the city of Los Angeles. 38. Dave Filoni is employed by Lucasfilm. 39. Henri Grégoire is a citizen of France. [OLD]40. Christianity was founded in the city of Jerusalem. 41. German...","FC Irtysh Omsk is associated with the sport of association football. 150. cricket was created in the country of Australia. 151. The official language of Australia is Arabic. 152. Stephen McNeil works ...","189. Hugh Hefner is famous for The Vampyre. 190. The capital of Czech Republic is Prague. 191. Aristotle's child is Nicomachus. 192. Ernst Heinkel is a citizen of Germany. 193. Catholic Church was fou...","The author of The Witcher is T. S. Eliot. 306. Thomas Kyd was born in the city of Leeds. 307. Jesus Christ worked in the city of Galilee. 308. John Harkes is associated with the sport of association f...","Australia is located in the continent of Oceania. 76. The author of The Birth of Tragedy is Friedrich Nietzsche. 77. The author of The Birth of Tragedy is Stephen Crane. 78. placekicker is associated ...","Rocket Man was performed by Ayumi Hamasaki. 230. Ford Motor Company was founded by Henri Grégoire. 231. Walter Chrysler's child is Charles Frederick, Duke of Holstein-Gottorp. 232. The chairperson of ...","267. post-punk was created in the country of Canada. 268. Ellen Pompeo is a citizen of United States of America. 269. Daniele De Rossi plays the position of midfielder. 270. Oscar Wilde died in the ci...","Thomas Arne was born in the city of London. 3[NEW]43. Charles Messier is a citizen of Iran. 344. The author of Starship Troopers is Daphne du Maurier. 345. Thus Spoke Zarathustra was created in the co...","Here is a list of facts: 0. Thomas Kyd was born in the city of London. 1. The chairperson of Fatah is Mahmoud Abbas. 2. Amy Winehouse died in the city of Camden Town. 3. Hines Ward plays the position ...","Steve Sax is associated with the sport of association football. 418. Tunisia national football team is associated with the sport of basketball. 419. Blair Walsh plays the position of placekicker. 420...."
"factconsolidation_sh_6k_no35","What is the official language of United States of America?","German","German","True","has_pair","295","The official language of United States of America is German.","True","5","0.01524","242","The official language of United States of America is American English.","American English","True","1","0.044602","53","old_higher_ppr","","Rocket Man was performed by Ayumi Hamasaki. 230. Ford Motor Company was founded by Henri Grégoire. 231. Walter Chrysler's child is Charles Frederick, Duke of Holstein-Gottorp. 232. The chairperson of ...","FC Irtysh Omsk is associated with the sport of association football. 150. cricket was created in the country of Australia. 151. The official language of Australia is Arabic. 152. Stephen McNeil works ...","The headquarters of Berklee College of Music is located in the city of Boston. 381. Elton John is a citizen of United Kingdom. 382. baseball was created in the country of Japan. 383. The official lang...","Steve Sax is associated with the sport of association football. 418. Tunisia national football team is associated with the sport of basketball. 419. Blair Walsh plays the position of placekicker. 420....","267. post-punk was created in the country of Canada. 268. Ellen Pompeo is a citizen of United States of America. 269. Daniele De Rossi plays the position of midfielder. 270. Oscar Wilde died in the ci...","189. Hugh Hefner is famous for The Vampyre. 190. The capital of Czech Republic is Prague. 191. Aristotle's child is Nicomachus. 192. Ernst Heinkel is a citizen of Germany. 193. Catholic Church was fou...","Mario Puzo is famous for The Godfather. 113. London is located in the continent of Europe. 114. The headquarters of University of California, Berkeley is located in the city of Botevgrad. 115. The nam...","Australia is located in the continent of Oceania. 76. The author of The Birth of Tragedy is Friedrich Nietzsche. 77. The author of The Birth of Tragedy is Stephen Crane. 78. placekicker is associated ...","Frank Zappa died in the city of Los Angeles. 38. Dave Filoni is employed by Lucasfilm. 39. Henri Grégoire is a citizen of France. 40. Christianity was founded in the city of Jerusalem. 41. Germany is ...","Thomas Arne was born in the city of London. 343. Charles Messier is a citizen of Iran. 344. The author of Starship Troopers is Daphne du Maurier. 345. Thus Spoke Zarathustra was created in the country..."
"factconsolidation_sh_6k_no36","Who performed Past Masters?","Madonna","The Beatles","False","has_pair","364","Past Masters was performed by Madonna.","True","1","0.055901","251","Past Masters was performed by The Beatles.","The Beatles","True","2","0.045904","113","new_higher_ppr","older_fact","Thomas Arne was born in the city of London. 343. Charles Messier is a citizen of Iran. 344. The author of Starship Troopers is Daphne du Maurier. 345. Thus Spoke Zarathustra was created in the country...","Rocket Man was performed by Ayumi Hamasaki. 230. Ford Motor Company was founded by Henri Grégoire. 231. Walter Chrysler's child is Charles Frederick, Duke of Holstein-Gottorp. 232. The chairperson of ...","189. Hugh Hefner is famous for The Vampyre. 190. The capital of Czech Republic is Prague. 191. Aristotle's child is Nicomachus. 192. Ernst Heinkel is a citizen of Germany. 193. Catholic Church was fou...","Steve Sax is associated with the sport of association football. 418. Tunisia national football team is associated with the sport of basketball. 419. Blair Walsh plays the position of placekicker. 420....","The author of The Witcher is T. S. Eliot. 306. Thomas Kyd was born in the city of Leeds. 307. Jesus Christ worked in the city of Galilee. 308. John Harkes is associated with the sport of association f...","267. post-punk was created in the country of Canada. 268. Ellen Pompeo is a citizen of United States of America. 269. Daniele De Rossi plays the position of midfielder. 270. Oscar Wilde died in the ci...","The headquarters of Berklee College of Music is located in the city of Boston. 381. Elton John is a citizen of United Kingdom. 382. baseball was created in the country of Japan. 383. The official lang...","FC Irtysh Omsk is associated with the sport of association football. 150. cricket was created in the country of Australia. 151. The official language of Australia is Arabic. 152. Stephen McNeil works ...","Frank Zappa died in the city of Los Angeles. 38. Dave Filoni is employed by Lucasfilm. 39. Henri Grégoire is a citizen of France. 40. Christianity was founded in the city of Jerusalem. 41. Germany is ...","Here is a list of facts: 0. Thomas Kyd was born in the city of London. 1. The chairperson of Fatah is Mahmoud Abbas. 2. Amy Winehouse died in the city of Camden Town. 3. Hines Ward plays the position ..."
"factconsolidation_sh_6k_no37","What is the capital of Japan?","Tokyo","Tokyo","True","no_conflict_pair","103","The capital of Japan is Tokyo.","True","1","0.057993","","","","False","","","","no_pair","","Australia is located in the continent of Oceania. 76. The author of The Birth of Tragedy is Friedrich Nietzsche. 77. The author of The Birth of Tragedy is Stephen Crane. 78. placekicker is associated ...","Rocket Man was performed by Ayumi Hamasaki. 230. Ford Motor Company was founded by Henri Grégoire. 231. Walter Chrysler's child is Charles Frederick, Duke of Holstein-Gottorp. 232. The chairperson of ...","189. Hugh Hefner is famous for The Vampyre. 190. The capital of Czech Republic is Prague. 191. Aristotle's child is Nicomachus. 192. Ernst Heinkel is a citizen of Germany. 193. Catholic Church was fou...","Steve Sax is associated with the sport of association football. 418. Tunisia national football team is associated with the sport of basketball. 419. Blair Walsh plays the position of placekicker. 420....","267. post-punk was created in the country of Canada. 268. Ellen Pompeo is a citizen of United States of America. 269. Daniele De Rossi plays the position of midfielder. 270. Oscar Wilde died in the ci...","FC Irtysh Omsk is associated with the sport of association football. 150. cricket was created in the country of Australia. 151. The official language of Australia is Arabic. 152. Stephen McNeil works ...","The headquarters of Berklee College of Music is located in the city of Boston. 381. Elton John is a citizen of United Kingdom. 382. baseball was created in the country of Japan. 383. The official lang...","Here is a list of facts: 0. Thomas Kyd was born in the city of London. 1. The chairperson of Fatah is Mahmoud Abbas. 2. Amy Winehouse died in the city of Camden Town. 3. Hines Ward plays the position ...","Frank Zappa died in the city of Los Angeles. 38. Dave Filoni is employed by Lucasfilm. 39. Henri Grégoire is a citizen of France. 40. Christianity was founded in the city of Jerusalem. 41. Germany is ...","Thomas Arne was born in the city of London. 343. Charles Messier is a citizen of Iran. 344. The author of Starship Troopers is Daphne du Maurier. 345. Thus Spoke Zarathustra was created in the country..."
"factconsolidation_sh_6k_no38","What is the capital of France?","Harare","Harare","True","has_pair","171","The capital of France is Harare.","True","1","0.064367","163","The capital of France is Paris.","Paris","True","1","0.064367","8","same_passage","","FC Irtysh Omsk is associated with the sport of association football. 150. cricket was created in the country of Australia. 151. The official language of Australia is Arabic. 152. Stephen McNeil works ...","The headquarters of Berklee College of Music is located in the city of Boston. 381. Elton John is a citizen of United Kingdom. 382. baseball was created in the country of Japan. 383. The official lang...","Steve Sax is associated with the sport of association football. 418. Tunisia national football team is associated with the sport of basketball. 419. Blair Walsh plays the position of placekicker. 420....","189. Hugh Hefner is famous for The Vampyre. 190. The capital of Czech Republic is Prague. 191. Aristotle's child is Nicomachus. 192. Ernst Heinkel is a citizen of Germany. 193. Catholic Church was fou...","Thomas Arne was born in the city of London. 343. Charles Messier is a citizen of Iran. 344. The author of Starship Troopers is Daphne du Maurier. 345. Thus Spoke Zarathustra was created in the country...","The author of The Witcher is T. S. Eliot. 306. Thomas Kyd was born in the city of Leeds. 307. Jesus Christ worked in the city of Galilee. 308. John Harkes is associated with the sport of association f...","Here is a list of facts: 0. Thomas Kyd was born in the city of London. 1. The chairperson of Fatah is Mahmoud Abbas. 2. Amy Winehouse died in the city of Camden Town. 3. Hines Ward plays the position ...","267. post-punk was created in the country of Canada. 268. Ellen Pompeo is a citizen of United States of America. 269. Daniele De Rossi plays the position of midfielder. 270. Oscar Wilde died in the ci...","Rocket Man was performed by Ayumi Hamasaki. 230. Ford Motor Company was founded by Henri Grégoire. 231. Walter Chrysler's child is Charles Frederick, Duke of Holstein-Gottorp. 232. The chairperson of ...","Frank Zappa died in the city of Los Angeles. 38. Dave Filoni is employed by Lucasfilm. 39. Henri Grégoire is a citizen of France. 40. Christianity was founded in the city of Jerusalem. 41. Germany is ..."
"factconsolidation_sh_6k_no39","Who is the developer of SteamOS?","ABB Group","ABB Group.","True","has_pair","277","SteamOS was developed by ABB Group.","True","2","0.047237","238","SteamOS was developed by Valve Corporation.","Valve Corporation","True","1","0.064132","39","old_higher_ppr","","Rocket Man was performed by Ayumi Hamasaki. 230. Ford Motor Company was founded by Henri Grégoire. 231. Walter Chrysler's child is Charles Frederick, Duke of Holstein-Gottorp. 232. The chairperson of ...","267. post-punk was created in the country of Canada. 268. Ellen Pompeo is a citizen of United States of America. 269. Daniele De Rossi plays the position of midfielder. 270. Oscar Wilde died in the ci...","Frank Zappa died in the city of Los Angeles. 38. Dave Filoni is employed by Lucasfilm. 39. Henri Grégoire is a citizen of France. 40. Christianity was founded in the city of Jerusalem. 41. Germany is ...","Steve Sax is associated with the sport of association football. 418. Tunisia national football team is associated with the sport of basketball. 419. Blair Walsh plays the position of placekicker. 420....","189. Hugh Hefner is famous for The Vampyre. 190. The capital of Czech Republic is Prague. 191. Aristotle's child is Nicomachus. 192. Ernst Heinkel is a citizen of Germany. 193. Catholic Church was fou...","Thomas Arne was born in the city of London. 343. Charles Messier is a citizen of Iran. 344. The author of Starship Troopers is Daphne du Maurier. 345. Thus Spoke Zarathustra was created in the country...","FC Irtysh Omsk is associated with the sport of association football. 150. cricket was created in the country of Australia. 151. The official language of Australia is Arabic. 152. Stephen McNeil works ...","The author of The Witcher is T. S. Eliot. 306. Thomas Kyd was born in the city of Leeds. 307. Jesus Christ worked in the city of Galilee. 308. John Harkes is associated with the sport of association f...","The headquarters of Berklee College of Music is located in the city of Boston. 381. Elton John is a citizen of United Kingdom. 382. baseball was created in the country of Japan. 383. The official lang...","Here is a list of facts: 0. Thomas Kyd was born in the city of London. 1. The chairperson of Fatah is Mahmoud Abbas. 2. Amy Winehouse died in the city of Camden Town. 3. Hines Ward plays the position ..."
"factconsolidation_sh_6k_no40","Which city is the headquarter of University of Bucharest located in?","Ankara","Ankara.","True","has_pair","409","The headquarters of University of Bucharest is located in the city of Ankara.","True","2","0.032158","173","The headquarters of University of Bucharest is located in the city of Bucharest.","Bucharest","True","1","0.073716","236","old_higher_ppr","","FC Irtysh Omsk is associated with the sport of association football. 150. cricket was created in the country of Australia. 151. The official language of Australia is Arabic. 152. Stephen McNeil works ...","The headquarters of Berklee College of Music is located in the city of Boston. 381. Elton John is a citizen of United Kingdom. 382. baseball was created in the country of Japan. 383. The official lang...","Australia is located in the continent of Oceania. 76. The author of The Birth of Tragedy is Friedrich Nietzsche. 77. The author of The Birth of Tragedy is Stephen Crane. 78. placekicker is associated ...","Here is a list of facts: 0. Thomas Kyd was born in the city of London. 1. The chairperson of Fatah is Mahmoud Abbas. 2. Amy Winehouse died in the city of Camden Town. 3. Hines Ward plays the position ...","Mario Puzo is famous for The Godfather. 113. London is located in the continent of Europe. 114. The headquarters of University of California, Berkeley is located in the city of Botevgrad. 115. The nam...","The author of The Witcher is T. S. Eliot. 306. Thomas Kyd was born in the city of Leeds. 307. Jesus Christ worked in the city of Galilee. 308. John Harkes is associated with the sport of association f...","Steve Sax is associated with the sport of association football. 418. Tunisia national football team is associated with the sport of basketball. 419. Blair Walsh plays the position of placekicker. 420....","189. Hugh Hefner is famous for The Vampyre. 190. The capital of Czech Republic is Prague. 191. Aristotle's child is Nicomachus. 192. Ernst Heinkel is a citizen of Germany. 193. Catholic Church was fou...","Thomas Arne was born in the city of London. 343. Charles Messier is a citizen of Iran. 344. The author of Starship Troopers is Daphne du Maurier. 345. Thus Spoke Zarathustra was created in the country...","Frank Zappa died in the city of Los Angeles. 38. Dave Filoni is employed by Lucasfilm. 39. Henri Grégoire is a citizen of France. 40. Christianity was founded in the city of Jerusalem. 41. Germany is ..."
"factconsolidation_sh_6k_no41","Which sport is wide receiver associated with?","rugby","Rugby.","True","has_pair","252","wide receiver is associated with the sport of rugby.","True","3","0.025653","46","wide receiver is associated with the sport of American football.","American football","True","3","0.025653","206","same_passage","","Here is a list of facts: 0. Thomas Kyd was born in the city of London. 1. The chairperson of Fatah is Mahmoud Abbas. 2. Amy Winehouse died in the city of Camden Town. 3. Hines Ward plays the position ...","The author of The Witcher is T. S. Eliot. 306. Thomas Kyd was born in the city of Leeds. 307. Jesus Christ worked in the city of Galilee. 308. John Harkes is associated with the sport of association f...","Rocket Man was performed by Ayumi Hamasaki. 230. Ford Motor Company was founded by Henri Grégoire. 231. Walter Chrysler's child is Charles Frederick, Duke of Holstein-Gottorp. 232. The chairperson of ...","Frank Zappa died in the city of Los Angeles. 38. Dave Filoni is employed by Lucasfilm. 39. Henri Grégoire is a citizen of France. 40. Christianity was founded in the city of Jerusalem. 41. Germany is ...","Steve Sax is associated with the sport of association football. 418. Tunisia national football team is associated with the sport of basketball. 419. Blair Walsh plays the position of placekicker. 420....","Australia is located in the continent of Oceania. 76. The author of The Birth of Tragedy is Friedrich Nietzsche. 77. The author of The Birth of Tragedy is Stephen Crane. 78. placekicker is associated ...","FC Irtysh Omsk is associated with the sport of association football. 150. cricket was created in the country of Australia. 151. The official language of Australia is Arabic. 152. Stephen McNeil works ...","Thomas Arne was born in the city of London. 343. Charles Messier is a citizen of Iran. 344. The author of Starship Troopers is Daphne du Maurier. 345. Thus Spoke Zarathustra was created in the country...","267. post-punk was created in the country of Canada. 268. Ellen Pompeo is a citizen of United States of America. 269. Daniele De Rossi plays the position of midfielder. 270. Oscar Wilde died in the ci...","189. Hugh Hefner is famous for The Vampyre. 190. The capital of Czech Republic is Prague. 191. Aristotle's child is Nicomachus. 192. Ernst Heinkel is a citizen of Germany. 193. Catholic Church was fou..."
"factconsolidation_sh_6k_no42","What position does Hines Ward play?","cornerback","cornerback.","True","has_pair","36","Hines Ward plays the position of cornerback.","True","1","0.07171","3","Hines Ward plays the position of wide receiver.","wide receiver","True","1","0.07171","33","same_passage","","Here is a list of facts: 0. Thomas Kyd was born in the city of London. 1. The chairperson of Fatah is Mahmoud Abbas. 2. Amy Winehouse died in the city of Camden Town. [OLD]3. Hines Ward plays the posi...","The author of The Witcher is T. S. Eliot. 306. Thomas Kyd was born in the city of Leeds. 307. Jesus Christ worked in the city of Galilee. 308. John Harkes is associated with the sport of association f...","Frank Zappa died in the city of Los Angeles. 38. Dave Filoni is employed by Lucasfilm. 39. Henri Grégoire is a citizen of France. 40. Christianity was founded in the city of Jerusalem. 41. Germany is ...","Rocket Man was performed by Ayumi Hamasaki. 230. Ford Motor Company was founded by Henri Grégoire. 231. Walter Chrysler's child is Charles Frederick, Duke of Holstein-Gottorp. 232. The chairperson of ...","Steve Sax is associated with the sport of association football. 418. Tunisia national football team is associated with the sport of basketball. 419. Blair Walsh plays the position of placekicker. 420....","189. Hugh Hefner is famous for The Vampyre. 190. The capital of Czech Republic is Prague. 191. Aristotle's child is Nicomachus. 192. Ernst Heinkel is a citizen of Germany. 19[OLD]3. Catholic Church wa...","Thomas Arne was born in the city of London. 34[OLD]3. Charles Messier is a citizen of Iran. 344. The author of Starship Troopers is Daphne du Maurier. 345. Thus Spoke Zarathustra was created in the co...","Australia is located in the continent of Oceania. 76. The author of The Birth of Tragedy is Friedrich Nietzsche. 77. The author of The Birth of Tragedy is Stephen Crane. 78. placekicker is associated ...","267. post-punk was created in the country of Canada. 268. Ellen Pompeo is a citizen of United States of America. 269. Daniele De Rossi plays the position of midfielder. 270. Oscar Wilde died in the ci...","FC Irtysh Omsk is associated with the sport of association football. 150. cricket was created in the country of Australia. 151. The official language of Australia is Arabic. 152. Stephen McNeil works ..."
"factconsolidation_sh_6k_no43","What is the capital of Australia?","Oderzo","Canberra","False","has_pair","388","The capital of Australia is Oderzo.","True","8","0.007827","284","The capital of Australia is Canberra.","Canberra","True","1","0.091157","104","old_higher_ppr","older_fact","267. post-punk was created in the country of Canada. 268. Ellen Pompeo is a citizen of United States of America. 269. Daniele De Rossi plays the position of midfielder. 270. Oscar Wilde died in the ci...","FC Irtysh Omsk is associated with the sport of association football. 150. cricket was created in the country of Australia. 151. The official language of Australia is Arabic. 152. Stephen McNeil works ...","189. Hugh Hefner is famous for The Vampyre. 190. The capital of Czech Republic is Prague. 191. Aristotle's child is Nicomachus. 192. Ernst Heinkel is a citizen of Germany. 193. Catholic Church was fou...","Australia is located in the continent of Oceania. 76. The author of The Birth of Tragedy is Friedrich Nietzsche. 77. The author of The Birth of Tragedy is Stephen Crane. 78. placekicker is associated ...","Steve Sax is associated with the sport of association football. 418. Tunisia national football team is associated with the sport of basketball. 419. Blair Walsh plays the position of placekicker. 420....","Mario Puzo is famous for The Godfather. 113. London is located in the continent of Europe. 114. The headquarters of University of California, Berkeley is located in the city of Botevgrad. 115. The nam...","Thomas Arne was born in the city of London. 343. Charles Messier is a citizen of Iran. 344. The author of Starship Troopers is Daphne du Maurier. 345. Thus Spoke Zarathustra was created in the country...","The headquarters of Berklee College of Music is located in the city of Boston. 381. Elton John is a citizen of United Kingdom. 382. baseball was created in the country of Japan. 383. The official lang...","Here is a list of facts: 0. Thomas Kyd was born in the city of London. 1. The chairperson of Fatah is Mahmoud Abbas. 2. Amy Winehouse died in the city of Camden Town. 3. Hines Ward plays the position ...","Rocket Man was performed by Ayumi Hamasaki. 230. Ford Motor Company was founded by Henri Grégoire. 231. Walter Chrysler's child is Charles Frederick, Duke of Holstein-Gottorp. 232. The chairperson of ..."
"factconsolidation_sh_6k_no44","Which continent is Malaysia located in?","Antarctica","Asia","False","has_pair","442","Malaysia is located in the continent of Antarctica.","True","1","0.053317","373","Malaysia is located in the continent of Asia.","Asia","True","2","0.040323","69","new_higher_ppr","older_fact","Steve Sax is associated with the sport of association football. 418. Tunisia national football team is associated with the sport of basketball. 419. Blair Walsh plays the position of placekicker. 420....","Thomas Arne was born in the city of London. 343. Charles Messier is a citizen of Iran. 344. The author of Starship Troopers is Daphne du Maurier. 345. Thus Spoke Zarathustra was created in the country...","Australia is located in the continent of Oceania. 76. The author of The Birth of Tragedy is Friedrich Nietzsche. 77. The author of The Birth of Tragedy is Stephen Crane. 78. placekicker is associated ...","Rocket Man was performed by Ayumi Hamasaki. 230. Ford Motor Company was founded by Henri Grégoire. 231. Walter Chrysler's child is Charles Frederick, Duke of Holstein-Gottorp. 232. The chairperson of ...","189. Hugh Hefner is famous for The Vampyre. 190. The capital of Czech Republic is Prague. 191. Aristotle's child is Nicomachus. 192. Ernst Heinkel is a citizen of Germany. 193. Catholic Church was fou...","Frank Zappa died in the city of Los Angeles. 38. Dave Filoni is employed by Lucasfilm. 39. Henri Grégoire is a citizen of France. 40. Christianity was founded in the city of Jerusalem. 41. Germany is ...","Here is a list of facts: 0. Thomas Kyd was born in the city of London. 1. The chairperson of Fatah is Mahmoud Abbas. 2. Amy Winehouse died in the city of Camden Town. 3. Hines Ward plays the position ...","267. post-punk was created in the country of Canada. 268. Ellen Pompeo is a citizen of United States of America. 269. Daniele De Rossi plays the position of midfielder. 270. Oscar Wilde died in the ci...","Mario Puzo is famous for The Godfather. 113. London is located in the continent of Europe. 114. The headquarters of University of California, Berkeley is located in the city of Botevgrad. 115. The nam...","FC Irtysh Omsk is associated with the sport of association football. 150. cricket was created in the country of Australia. 151. The official language of Australia is Arabic. 152. Stephen McNeil works ..."
"factconsolidation_sh_6k_no45","Who is the author of A Wizard of Earthsea?","Pius XII","Pius XII.","True","has_pair","301","The author of A Wizard of Earthsea is Pius XII.","True","3","0.03882","10","The author of A Wizard of Earthsea is Ursula K. Le Guin.","Ursula K. Le Guin","True","1","0.06426","291","old_higher_ppr","","Here is a list of facts: 0. Thomas Kyd was born in the city of London. 1. The chairperson of Fatah is Mahmoud Abbas. 2. Amy Winehouse died in the city of Camden Town. 3. Hines Ward plays the position ...","Frank Zappa died in the city of Los Angeles. 38. Dave Filoni is employed by Lucasfilm. 39. Henri Grégoire is a citizen of France. 40. Christianity was founded in the city of Jerusalem. 41. Germany is ...","267. post-punk was created in the country of Canada. 268. Ellen Pompeo is a citizen of United States of America. 269. Daniele De Rossi plays the position of midfielder. 270. Oscar Wilde died in the ci...","The author of The Witcher is T. S. Eliot. 306. Thomas Kyd was born in the city of Leeds. 307. Jesus Christ worked in the city of Galilee. 308. John Harkes is associated with the sport of association f...","189. Hugh Hefner is famous for The Vampyre. 190. The capital of Czech Republic is Prague. 191. Aristotle's child is Nicomachus. 192. Ernst Heinkel is a citizen of Germany. 193. Catholic Church was fou...","The headquarters of Berklee College of Music is located in the city of Boston. 381. Elton John is a citizen of United Kingdom. 382. baseball was created in the country of Japan. 383. The official lang...","Steve Sax is associated with the sport of association football. 418. Tunisia national football team is associated with the sport of basketball. 419. Blair Walsh plays the position of placekicker. 420....","Mario Puzo is famous for The Godfather. 113. London is located in the continent of Europe. 114. The headquarters of University of California, Berkeley is located in the city of Botevgrad. 115. The nam...","Australia is located in the continent of Oceania. 76. The author of The Birth of Tragedy is Friedrich Nietzsche. 77. The author of The Birth of Tragedy is Stephen Crane. 78. placekicker is associated ...","Thomas Arne was born in the city of London. 343. Charles Messier is a citizen of Iran. 344. The author of Starship Troopers is Daphne du Maurier. 345. Thus Spoke Zarathustra was created in the country..."
"factconsolidation_sh_6k_no46","Who performed Free as a Bird?","The Beatles","The Beatles.","True","no_conflict_pair","350","Free as a Bird was performed by The Beatles.","True","1","0.08809","","","Brian Epstein","False","","","","no_pair","","Thomas Arne was born in the city of London. 343. Charles Messier is a citizen of Iran. 344. The author of Starship Troopers is Daphne du Maurier. 345. Thus Spoke Zarathustra was created in the country...","Rocket Man was performed by Ayumi Hamasaki. 230. Ford Motor Company was founded by Henri Grégoire. 231. Walter Chrysler's child is Charles Frederick, Duke of Holstein-Gottorp. 232. The chairperson of ...","Steve Sax is associated with the sport of association football. 418. Tunisia national football team is associated with the sport of basketball. 419. Blair Walsh plays the position of placekicker. 420....","267. post-punk was created in the country of Canada. 268. Ellen Pompeo is a citizen of United States of America. 269. Daniele De Rossi plays the position of midfielder. 270. Oscar Wilde died in the ci...","Frank Zappa died in the city of Los Angeles. 38. Dave Filoni is employed by Lucasfilm. 39. Henri Grégoire is a citizen of France. 40. Christianity was founded in the city of Jerusalem. 41. Germany is ...","The author of The Witcher is T. S. Eliot. 306. Thomas Kyd was born in the city of Leeds. 307. Jesus Christ worked in the city of Galilee. 308. John Harkes is associated with the sport of association f...","The headquarters of Berklee College of Music is located in the city of Boston. 381. Elton John is a citizen of United Kingdom. 382. baseball was created in the country of Japan. 383. The official lang...","Here is a list of facts: 0. Thomas Kyd was born in the city of London. 1. The chairperson of Fatah is Mahmoud Abbas. 2. Amy Winehouse died in the city of Camden Town. 3. Hines Ward plays the position ...","FC Irtysh Omsk is associated with the sport of association football. 150. cricket was created in the country of Australia. 151. The official language of Australia is Arabic. 152. Stephen McNeil works ...","189. Hugh Hefner is famous for The Vampyre. 190. The capital of Czech Republic is Prague. 191. Aristotle's child is Nicomachus. 192. Ernst Heinkel is a citizen of Germany. 193. Catholic Church was fou..."
"factconsolidation_sh_6k_no47","Who is the author of Our Mutual Friend?","Charles Darwin","Charles Darwin.","True","has_pair","146","The author of Our Mutual Friend is Charles Darwin.","True","2","0.056463","107","The author of Our Mutual Friend is Charles Dickens.","Charles Dickens","True","1","0.057547","39","old_higher_ppr","","Australia is located in the continent of Oceania. 76. The author of The Birth of Tragedy is Friedrich Nietzsche. 77. The author of The Birth of Tragedy is Stephen Crane. 78. placekicker is associated ...","Mario Puzo is famous for The Godfather. 113. London is located in the continent of Europe. 114. The headquarters of University of California, Berkeley is located in the city of Botevgrad. 115. The nam...","The author of The Witcher is T. S. Eliot. 306. Thomas Kyd was born in the city of Leeds. 307. Jesus Christ worked in the city of Galilee. 308. John Harkes is associated with the sport of association f...","Steve Sax is associated with the sport of association football. 418. Tunisia national football team is associated with the sport of basketball. 419. Blair Walsh plays the position of placekicker. 420....","Thomas Arne was born in the city of London. 343. Charles Messier is a citizen of Iran. 344. The author of Starship Troopers is Daphne du Maurier. 345. Thus Spoke Zarathustra was created in the country...","189. Hugh Hefner is famous for The Vampyre. 190. The capital of Czech Republic is Prague. 191. Aristotle's child is Nicomachus. 192. Ernst Heinkel is a citizen of Germany. 193. Catholic Church was fou...","FC Irtysh Omsk is associated with the sport of association football. 150. cricket was created in the country of Australia. 151. The official language of Australia is Arabic. 152. Stephen McNeil works ...","Here is a list of facts: 0. Thomas Kyd was born in the city of London. 1. The chairperson of Fatah is Mahmoud Abbas. 2. Amy Winehouse died in the city of Camden Town. 3. Hines Ward plays the position ...","Frank Zappa died in the city of Los Angeles. 38. Dave Filoni is employed by Lucasfilm. 39. Henri Grégoire is a citizen of France. 40. Christianity was founded in the city of Jerusalem. 41. Germany is ...","267. post-punk was created in the country of Canada. 268. Ellen Pompeo is a citizen of United States of America. 269. Daniele De Rossi plays the position of midfielder. 270. Oscar Wilde died in the ci..."
"factconsolidation_sh_6k_no48","Which country was basketball created in?","Soviet Union","United States of America.","False","has_pair","348","basketball was created in the country of Soviet Union.","True","8","0.03434","216","basketball was created in the country of United States of America.","United States of America","True","3","0.042611","132","old_higher_ppr","older_fact","FC Irtysh Omsk is associated with the sport of association football. 150. cricket was created in the country of Australia. 151. The official language of Australia is Arabic. 152. Stephen McNeil works ...","Frank Zappa died in the city of Los Angeles. 38. Dave Filoni is employed by Lucasfilm. 39. Henri Grégoire is a citizen of France. 40. Christianity was founded in the city of Jerusalem. 41. Germany is ...","189. Hugh Hefner is famous for The Vampyre. 190. The capital of Czech Republic is Prague. 191. Aristotle's child is Nicomachus. 192. Ernst Heinkel is a citizen of Germany. 193. Catholic Church was fou...","The headquarters of Berklee College of Music is located in the city of Boston. 381. Elton John is a citizen of United Kingdom. 382. baseball was created in the country of Japan. 383. The official lang...","Rocket Man was performed by Ayumi Hamasaki. 230. Ford Motor Company was founded by Henri Grégoire. 231. Walter Chrysler's child is Charles Frederick, Duke of Holstein-Gottorp. 232. The chairperson of ...","Steve Sax is associated with the sport of association football. 418. Tunisia national football team is associated with the sport of basketball. 419. Blair Walsh plays the position of placekicker. 420....","267. post-punk was created in the country of Canada. 268. Ellen Pompeo is a citizen of United States of America. 269. Daniele De Rossi plays the position of midfielder. 270. Oscar Wilde died in the ci...","Thomas Arne was born in the city of London. 343. Charles Messier is a citizen of Iran. 344. The author of Starship Troopers is Daphne du Maurier. 345. Thus Spoke Zarathustra was created in the country...","Australia is located in the continent of Oceania. 76. The author of The Birth of Tragedy is Friedrich Nietzsche. 77. The author of The Birth of Tragedy is Stephen Crane. 78. placekicker is associated ...","The author of The Witcher is T. S. Eliot. 306. Thomas Kyd was born in the city of Leeds. 307. Jesus Christ worked in the city of Galilee. 308. John Harkes is associated with the sport of association f..."
"factconsolidation_sh_6k_no49","What is the country of citizenship of Hal Needham?","United States of America","United States of America.","True","no_conflict_pair","73","Hal Needham is a citizen of United States of America.","True","1","0.086517","","","Donald Trump","False","","","","no_pair","","Frank Zappa died in the city of Los Angeles. 38. Dave Filoni is employed by Lucasfilm. 39. Henri Grégoire is a citizen of France. 40. Christianity was founded in the city of Jerusalem. 41. Germany is ...","Rocket Man was performed by Ayumi Hamasaki. 230. Ford Motor Company was founded by Henri Grégoire. 231. Walter Chrysler's child is Charles Frederick, Duke of Holstein-Gottorp. 232. The chairperson of ...","Steve Sax is associated with the sport of association football. 418. Tunisia national football team is associated with the sport of basketball. 419. Blair Walsh plays the position of placekicker. 420....","267. post-punk was created in the country of Canada. 268. Ellen Pompeo is a citizen of United States of America. 269. Daniele De Rossi plays the position of midfielder. 270. Oscar Wilde died in the ci...","The author of The Witcher is T. S. Eliot. 306. Thomas Kyd was born in the city of Leeds. 307. Jesus Christ worked in the city of Galilee. 308. John Harkes is associated with the sport of association f...","Thomas Arne was born in the city of London. 343. Charles Messier is a citizen of Iran. 344. The author of Starship Troopers is Daphne du Maurier. 345. Thus Spoke Zarathustra was created in the country...","189. Hugh Hefner is famous for The Vampyre. 190. The capital of Czech Republic is Prague. 191. Aristotle's child is Nicomachus. 192. Ernst Heinkel is a citizen of Germany. 193. Catholic Church was fou...","FC Irtysh Omsk is associated with the sport of association football. 150. cricket was created in the country of Australia. 151. The official language of Australia is Arabic. 152. Stephen McNeil works ...","Here is a list of facts: 0. Thomas Kyd was born in the city of London. 1. The chairperson of Fatah is Mahmoud Abbas. 2. Amy Winehouse died in the city of Camden Town. 3. Hines Ward plays the position ...","The headquarters of Berklee College of Music is located in the city of Boston. 381. Elton John is a citizen of United Kingdom. 382. baseball was created in the country of Japan. 383. The official lang..."
"factconsolidation_sh_6k_no50","Which continent is Bengaluru located in?","Oceania","Oceania.","True","has_pair","234","Bengaluru is located in the continent of Oceania.","True","3","0.029999","4","Bengaluru is located in the continent of Asia.","Asia","True","1","0.045948","230","old_higher_ppr","","Here is a list of facts: 0. Thomas Kyd was born in the city of London. 1. The chairperson of Fatah is Mahmoud Abbas. 2. Amy Winehouse died in the city of Camden Town. 3. Hines Ward plays the position ...","Australia is located in the continent of Oceania. 76. The author of The Birth of Tragedy is Friedrich Nietzsche. 77. The author of The Birth of Tragedy is Stephen Crane. 78. placekicker is associated ...","Rocket Man was performed by Ayumi Hamasaki. 230. Ford Motor Company was founded by Henri Grégoire. 231. Walter Chrysler's child is Charles Frederick, Duke of Holstein-Gottorp. 232. The chairperson of ...","Thomas Arne was born in the city of London. 343. Charles Messier is a citizen of Iran. 34[OLD]4. The author of Starship Troopers is Daphne du Maurier. 345. Thus Spoke Zarathustra was created in the co...","267. post-punk was created in the country of Canada. 268. Ellen Pompeo is a citizen of United States of America. 269. Daniele De Rossi plays the position of midfielder. 270. Oscar Wilde died in the ci...","FC Irtysh Omsk is associated with the sport of association football. 150. cricket was created in the country of Australia. 151. The official language of Australia is Arabic. 152. Stephen McNeil works ...","Frank Zappa died in the city of Los Angeles. 38. Dave Filoni is employed by Lucasfilm. 39. Henri Grégoire is a citizen of France. 40. Christianity was founded in the city of Jerusalem. 41. Germany is ...","189. Hugh Hefner is famous for The Vampyre. 190. The capital of Czech Republic is Prague. 191. Aristotle's child is Nicomachus. 192. Ernst Heinkel is a citizen of Germany. 193. Catholic Church was fou...","Steve Sax is associated with the sport of association football. 418. Tunisia national football team is associated with the sport of basketball. 419. Blair Walsh plays the position of placekicker. 420....","Mario Puzo is famous for The Godfather. 113. London is located in the continent of Europe. 11[OLD]4. The headquarters of University of California, Berkeley is located in the city of Botevgrad. 115. Th..."
"factconsolidation_sh_6k_no51","Which sport is Slovakia national football team associated with?","cricket","association football.","False","has_pair","279","Slovakia national football team is associated with the sport of cricket.","True","1","0.059118","18","Slovakia national football team is associated with the sport of association football.","association football","True","2","0.043468","261","new_higher_ppr","older_fact","267. post-punk was created in the country of Canada. 268. Ellen Pompeo is a citizen of United States of America. 269. Daniele De Rossi plays the position of midfielder. 270. Oscar Wilde died in the ci...","Here is a list of facts: 0. Thomas Kyd was born in the city of London. 1. The chairperson of Fatah is Mahmoud Abbas. 2. Amy Winehouse died in the city of Camden Town. 3. Hines Ward plays the position ...","Steve Sax is associated with the sport of association football. 4[OLD]18. Tunisia national football team is associated with the sport of basketball. 419. Blair Walsh plays the position of placekicker....","FC Irtysh Omsk is associated with the sport of association football. 150. cricket was created in the country of Australia. 151. The official language of Australia is Arabic. 152. Stephen McNeil works ...","The author of The Witcher is T. S. Eliot. 306. Thomas Kyd was born in the city of Leeds. 307. Jesus Christ worked in the city of Galilee. 308. John Harkes is associated with the sport of association f...","Rocket Man was performed by Ayumi Hamasaki. 230. Ford Motor Company was founded by Henri Grégoire. 231. Walter Chrysler's child is Charles Frederick, Duke of Holstein-Gottorp. 232. The chairperson of ...","Frank Zappa died in the city of Los Angeles. 38. Dave Filoni is employed by Lucasfilm. 39. Henri Grégoire is a citizen of France. 40. Christianity was founded in the city of Jerusalem. 41. Germany is ...","Thomas Arne was born in the city of London. 343. Charles Messier is a citizen of Iran. 344. The author of Starship Troopers is Daphne du Maurier. 345. Thus Spoke Zarathustra was created in the country...","Australia is located in the continent of Oceania. 76. The author of The Birth of Tragedy is Friedrich Nietzsche. 77. The author of The Birth of Tragedy is Stephen Crane. 78. placekicker is associated ...","189. Hugh Hefner is famous for The Vampyre. 190. The capital of Czech Republic is Prague. 191. Aristotle's child is Nicomachus. 192. Ernst Heinkel is a citizen of Germany. 193. Catholic Church was fou..."
"factconsolidation_sh_6k_no52","What is the name of the current head of state in United States of America?","Connachta","Connachta","True","has_pair","126","The name of the current head of state in United States of America is Connachta.","True","2","0.036067","115","The name of the current head of state in United States of America is Donald Trump.","Donald Trump","True","2","0.036067","11","same_passage","","Steve Sax is associated with the sport of association football. 418. Tunisia national football team is associated with the sport of basketball. 419. Blair Walsh plays the position of placekicker. 420....","Mario Puzo is famous for The Godfather. 113. London is located in the continent of Europe. 114. The headquarters of University of California, Berkeley is located in the city of Botevgrad. [OLD]115. Th...","Australia is located in the continent of Oceania. 76. The author of The Birth of Tragedy is Friedrich Nietzsche. 77. The author of The Birth of Tragedy is Stephen Crane. 78. placekicker is associated ...","Rocket Man was performed by Ayumi Hamasaki. 230. Ford Motor Company was founded by Henri Grégoire. 231. Walter Chrysler's child is Charles Frederick, Duke of Holstein-Gottorp. 232. The chairperson of ...","FC Irtysh Omsk is associated with the sport of association football. 150. cricket was created in the country of Australia. 151. The official language of Australia is Arabic. 152. Stephen McNeil works ...","189. Hugh Hefner is famous for The Vampyre. 190. The capital of Czech Republic is Prague. 191. Aristotle's child is Nicomachus. 192. Ernst Heinkel is a citizen of Germany. 193. Catholic Church was fou...","Thomas Arne was born in the city of London. 343. Charles Messier is a citizen of Iran. 344. The author of Starship Troopers is Daphne du Maurier. 345. Thus Spoke Zarathustra was created in the country...","The headquarters of Berklee College of Music is located in the city of Boston. 381. Elton John is a citizen of United Kingdom. 382. baseball was created in the country of Japan. 383. The official lang...","The author of The Witcher is T. S. Eliot. 306. Thomas Kyd was born in the city of Leeds. 307. Jesus Christ worked in the city of Galilee. 308. John Harkes is associated with the sport of association f...","267. post-punk was created in the country of Canada. 268. Ellen Pompeo is a citizen of United States of America. 269. Daniele De Rossi plays the position of midfielder. 270. Oscar Wilde died in the ci..."
"factconsolidation_sh_6k_no53","Which religion is Imelda Marcos affiliated with?","atheism","atheism.","True","has_pair","374","Imelda Marcos is affiliated with the religion of atheism.","True","2","0.027994","248","Imelda Marcos is affiliated with the religion of Catholicism.","Catholicism","True","1","0.044884","126","old_higher_ppr","","Rocket Man was performed by Ayumi Hamasaki. 230. Ford Motor Company was founded by Henri Grégoire. 231. Walter Chrysler's child is Charles Frederick, Duke of Holstein-Gottorp. 232. The chairperson of ...","Thomas Arne was born in the city of London. 343. Charles Messier is a citizen of Iran. 344. The author of Starship Troopers is Daphne du Maurier. 345. Thus Spoke Zarathustra was created in the country...","Here is a list of facts: 0. Thomas Kyd was born in the city of London. 1. The chairperson of Fatah is Mahmoud Abbas. 2. Amy Winehouse died in the city of Camden Town. 3. Hines Ward plays the position ...","Frank Zappa died in the city of Los Angeles. 38. Dave Filoni is employed by Lucasfilm. 39. Henri Grégoire is a citizen of France. 40. Christianity was founded in the city of Jerusalem. 41. Germany is ...","FC Irtysh Omsk is associated with the sport of association football. 150. cricket was created in the country of Australia. 151. The official language of Australia is Arabic. 152. Stephen McNeil works ...","The author of The Witcher is T. S. Eliot. 306. Thomas Kyd was born in the city of Leeds. 307. Jesus Christ worked in the city of Galilee. 308. John Harkes is associated with the sport of association f...","267. post-punk was created in the country of Canada. 268. Ellen Pompeo is a citizen of United States of America. 269. Daniele De Rossi plays the position of midfielder. 270. Oscar Wilde died in the ci...","Mario Puzo is famous for The Godfather. 113. London is located in the continent of Europe. 114. The headquarters of University of California, Berkeley is located in the city of Botevgrad. 115. The nam...","The headquarters of Berklee College of Music is located in the city of Boston. 381. Elton John is a citizen of United Kingdom. 382. baseball was created in the country of Japan. 383. The official lang...","189. Hugh Hefner is famous for The Vampyre. 190. The capital of Czech Republic is Prague. 191. Aristotle's child is Nicomachus. 192. Ernst Heinkel is a citizen of Germany. 193. Catholic Church was fou..."
"factconsolidation_sh_6k_no54","What type of music does Dana International play?","Australian hip hop","Australian hip hop.","True","has_pair","281","The type of music that Dana International plays is Australian hip hop.","True","2","0.033089","243","The type of music that Dana International plays is pop music.","pop music","True","1","0.064253","38","old_higher_ppr","","Rocket Man was performed by Ayumi Hamasaki. 230. Ford Motor Company was founded by Henri Grégoire. 231. Walter Chrysler's child is Charles Frederick, Duke of Holstein-Gottorp. 232. The chairperson of ...","267. post-punk was created in the country of Canada. 268. Ellen Pompeo is a citizen of United States of America. 269. Daniele De Rossi plays the position of midfielder. 270. Oscar Wilde died in the ci...","The author of The Witcher is T. S. Eliot. 306. Thomas Kyd was born in the city of Leeds. 307. Jesus Christ worked in the city of Galilee. 308. John Harkes is associated with the sport of association f...","Thomas Arne was born in the city of London. 343. Charles Messier is a citizen of Iran. 344. The author of Starship Troopers is Daphne du Maurier. 345. Thus Spoke Zarathustra was created in the country...","Frank Zappa died in the city of Los Angeles. 38. Dave Filoni is employed by Lucasfilm. 39. Henri Grégoire is a citizen of France. 40. Christianity was founded in the city of Jerusalem. 41. Germany is ...","Australia is located in the continent of Oceania. 76. The author of The Birth of Tragedy is Friedrich Nietzsche. 77. The author of The Birth of Tragedy is Stephen Crane. 78. placekicker is associated ...","The headquarters of Berklee College of Music is located in the city of Boston. 381. Elton John is a citizen of United Kingdom. 382. baseball was created in the country of Japan. 383. The official lang...","FC Irtysh Omsk is associated with the sport of association football. 150. cricket was created in the country of Australia. 151. The official language of Australia is Arabic. 152. Stephen McNeil works ...","Steve Sax is associated with the sport of association football. 418. Tunisia national football team is associated with the sport of basketball. 419. Blair Walsh plays the position of placekicker. 420....","Mario Puzo is famous for The Godfather. 113. London is located in the continent of Europe. 114. The headquarters of University of California, Berkeley is located in the city of Botevgrad. 115. The nam..."
"factconsolidation_sh_6k_no55","What is the country of citizenship of Sable?","Czech Republic","United States of America.","False","has_pair","299","Sable is a citizen of Czech Republic.","True","1","0.059089","244","Sable is a citizen of United States of America.","United States of America","True","3","0.035489","55","new_higher_ppr","older_fact","267. post-punk was created in the country of Canada. 268. Ellen Pompeo is a citizen of United States of America. 269. Daniele De Rossi plays the position of midfielder. 270. Oscar Wilde died in the ci...","189. Hugh Hefner is famous for The Vampyre. 190. The capital of Czech Republic is Prague. 191. Aristotle's child is Nicomachus. 192. Ernst Heinkel is a citizen of Germany. 193. Catholic Church was fou...","Rocket Man was performed by Ayumi Hamasaki. 230. Ford Motor Company was founded by Henri Grégoire. 231. Walter Chrysler's child is Charles Frederick, Duke of Holstein-Gottorp. 232. The chairperson of ...","Steve Sax is associated with the sport of association football. 418. Tunisia national football team is associated with the sport of basketball. 419. Blair Walsh plays the position of placekicker. 420....","The author of The Witcher is T. S. Eliot. 306. Thomas Kyd was born in the city of Leeds. 307. Jesus Christ worked in the city of Galilee. 308. John Harkes is associated with the sport of association f...","Here is a list of facts: 0. Thomas Kyd was born in the city of London. 1. The chairperson of Fatah is Mahmoud Abbas. 2. Amy Winehouse died in the city of Camden Town. 3. Hines Ward plays the position ...","Thomas Arne was born in the city of London. 343. Charles Messier is a citizen of Iran. 344. The author of Starship Troopers is Daphne du Maurier. 345. Thus Spoke Zarathustra was created in the country...","Frank Zappa died in the city of Los Angeles. 38. Dave Filoni is employed by Lucasfilm. 39. Henri Grégoire is a citizen of France. 40. Christianity was founded in the city of Jerusalem. 41. Germany is ...","FC Irtysh Omsk is associated with the sport of association football. 150. cricket was created in the country of Australia. 151. The official language of Australia is Arabic. 152. Stephen McNeil works ...","Australia is located in the continent of Oceania. 76. The author of The Birth of Tragedy is Friedrich Nietzsche. 77. The author of The Birth of Tragedy is Stephen Crane. 78. placekicker is associated ..."
"factconsolidation_sh_6k_no56","Which country was Charlie Hebdo created in?","Italy","Italy","True","has_pair","358","Charlie Hebdo was created in the country of Italy.","True","2","0.046191","155","Charlie Hebdo was created in the country of France.","France","True","1","0.049936","203","old_higher_ppr","","FC Irtysh Omsk is associated with the sport of association football. 150. cricket was created in the country of Australia. 151. The official language of Australia is Arabic. 152. Stephen McNeil works ...","Thomas Arne was born in the city of London. 343. Charles Messier is a citizen of Iran. 344. The author of Starship Troopers is Daphne du Maurier. 345. Thus Spoke Zarathustra was created in the country...","Steve Sax is associated with the sport of association football. 418. Tunisia national football team is associated with the sport of basketball. 419. Blair Walsh plays the position of placekicker. 420....","189. Hugh Hefner is famous for The Vampyre. 190. The capital of Czech Republic is Prague. 191. Aristotle's child is Nicomachus. 192. Ernst Heinkel is a citizen of Germany. 193. Catholic Church was fou...","Frank Zappa died in the city of Los Angeles. 38. Dave Filoni is employed by Lucasfilm. 39. Henri Grégoire is a citizen of France. 40. Christianity was founded in the city of Jerusalem. 41. Germany is ...","267. post-punk was created in the country of Canada. 268. Ellen Pompeo is a citizen of United States of America. 269. Daniele De Rossi plays the position of midfielder. 270. Oscar Wilde died in the ci...","Rocket Man was performed by Ayumi Hamasaki. 230. Ford Motor Company was founded by Henri Grégoire. 231. Walter Chrysler's child is Charles Frederick, Duke of Holstein-Gottorp. 232. The chairperson of ...","Here is a list of facts: 0. Thomas Kyd was born in the city of London. 1. The chairperson of Fatah is Mahmoud Abbas. 2. Amy Winehouse died in the city of Camden Town. 3. Hines Ward plays the position ...","The headquarters of Berklee College of Music is located in the city of Boston. 381. Elton John is a citizen of United Kingdom. 382. baseball was created in the country of Japan. 383. The official lang...","Australia is located in the continent of Oceania. 76. The author of The Birth of Tragedy is Friedrich Nietzsche. 77. The author of The Birth of Tragedy is Stephen Crane. 78. placekicker is associated ..."
"factconsolidation_sh_6k_no57","Who is Elvis Presley married to?","Charles the Bold","Priscilla Presley.","False","has_pair","139","Elvis Presley is married to Charles the Bold.","True","1","0.06059","120","Elvis Presley is married to Priscilla Presley.","Priscilla Presley","True","1","0.06059","19","same_passage","older_fact","Mario Puzo is famous for The Godfather. 113. London is located in the continent of Europe. 114. The headquarters of University of California, Berkeley is located in the city of Botevgrad. 115. The nam...","The author of The Witcher is T. S. Eliot. 306. Thomas Kyd was born in the city of Leeds. 307. Jesus Christ worked in the city of Galilee. 308. John Harkes is associated with the sport of association f...","267. post-punk was created in the country of Canada. 268. Ellen Pompeo is a citizen of United States of America. 269. Daniele De Rossi plays the position of midfielder. 270. Oscar Wilde died in the ci...","Steve Sax is associated with the sport of association football. 418. Tunisia national football team is associated with the sport of basketball. 419. Blair Walsh plays the position of placekicker. 420....","Frank Zappa died in the city of Los Angeles. 38. Dave Filoni is employed by Lucasfilm. 39. Henri Grégoire is a citizen of France. 40. Christianity was founded in the city of Jerusalem. 41. Germany is ...","Thomas Arne was born in the city of London. 343. Charles Messier is a citizen of Iran. 344. The author of Starship Troopers is Daphne du Maurier. 345. Thus Spoke Zarathustra was created in the country...","The headquarters of Berklee College of Music is located in the city of Boston. 381. Elton John is a citizen of United Kingdom. 382. baseball was created in the country of Japan. 383. The official lang...","Rocket Man was performed by Ayumi Hamasaki. 230. Ford Motor Company was founded by Henri Grégoire. 231. Walter Chrysler's child is Charles Frederick, Duke of Holstein-Gottorp. 232. The chairperson of ...","FC Irtysh Omsk is associated with the sport of association football. 150. cricket was created in the country of Australia. 151. The official language of Australia is Arabic. 152. Stephen McNeil works ...","189. Hugh Hefner is famous for The Vampyre. 190. The capital of Czech Republic is Prague. 191. Aristotle's child is Nicomachus. 192. Ernst Heinkel is a citizen of Germany. 193. Catholic Church was fou..."
"factconsolidation_sh_6k_no58","Who performed Hermione Granger?","Kylie Minogue","Kylie Minogue.","True","has_pair","425","Hermione Granger was performed by Kylie Minogue.","True","2","0.031629","413","Hermione Granger was performed by Emma Watson.","Emma Watson","True","1","0.072374","12","old_higher_ppr","","The headquarters of Berklee College of Music is located in the city of Boston. 381. Elton John is a citizen of United Kingdom. 382. baseball was created in the country of Japan. 383. The official lang...","Steve Sax is associated with the sport of association football. 418. Tunisia national football team is associated with the sport of basketball. 419. Blair Walsh plays the position of placekicker. 420....","267. post-punk was created in the country of Canada. 268. Ellen Pompeo is a citizen of United States of America. 269. Daniele De Rossi plays the position of midfielder. 270. Oscar Wilde died in the ci...","FC Irtysh Omsk is associated with the sport of association football. 150. cricket was created in the country of Australia. 151. The official language of Australia is Arabic. 152. Stephen McNeil works ...","The author of The Witcher is T. S. Eliot. 306. Thomas Kyd was born in the city of Leeds. 307. Jesus Christ worked in the city of Galilee. 308. John Harkes is associated with the sport of association f...","Rocket Man was performed by Ayumi Hamasaki. 230. Ford Motor Company was founded by Henri Grégoire. 231. Walter Chrysler's child is Charles Frederick, Duke of Holstein-Gottorp. 232. The chairperson of ...","189. Hugh Hefner is famous for The Vampyre. 190. The capital of Czech Republic is Prague. 191. Aristotle's child is Nicomachus. 192. Ernst Heinkel is a citizen of Germany. 193. Catholic Church was fou...","Australia is located in the continent of Oceania. 76. The author of The Birth of Tragedy is Friedrich Nietzsche. 77. The author of The Birth of Tragedy is Stephen Crane. 78. placekicker is associated ...","Mario Puzo is famous for The Godfather. 113. London is located in the continent of Europe. 114. The headquarters of University of California, Berkeley is located in the city of Botevgrad. 115. The nam...","Thomas Arne was born in the city of London. 343. Charles Messier is a citizen of Iran. 344. The author of Starship Troopers is Daphne du Maurier. 345. Thus Spoke Zarathustra was created in the country..."
"factconsolidation_sh_6k_no59","Which sport is Bo Ryan associated with?","association football","association football","True","has_pair","346","Bo Ryan is associated with the sport of association football.","True","2","0.038257","194","Bo Ryan is associated with the sport of basketball.","basketball","True","1","0.052066","152","old_higher_ppr","","189. Hugh Hefner is famous for The Vampyre. 190. The capital of Czech Republic is Prague. 191. Aristotle's child is Nicomachus. 192. Ernst Heinkel is a citizen of Germany. 193. Catholic Church was fou...","Thomas Arne was born in the city of London. 343. Charles Messier is a citizen of Iran. 344. The author of Starship Troopers is Daphne du Maurier. 345. Thus Spoke Zarathustra was created in the country...","Steve Sax is associated with the sport of association football. 418. Tunisia national football team is associated with the sport of basketball. 419. Blair Walsh plays the position of placekicker. 420....","The author of The Witcher is T. S. Eliot. 306. Thomas Kyd was born in the city of Leeds. 307. Jesus Christ worked in the city of Galilee. 308. John Harkes is associated with the sport of association f...","Frank Zappa died in the city of Los Angeles. 38. Dave Filoni is employed by Lucasfilm. 39. Henri Grégoire is a citizen of France. 40. Christianity was founded in the city of Jerusalem. 41. Germany is ...","FC Irtysh Omsk is associated with the sport of association football. 150. cricket was created in the country of Australia. 151. The official language of Australia is Arabic. 152. Stephen McNeil works ...","The headquarters of Berklee College of Music is located in the city of Boston. 381. Elton John is a citizen of United Kingdom. 382. baseball was created in the country of Japan. 383. The official lang...","Australia is located in the continent of Oceania. 76. The author of The Birth of Tragedy is Friedrich Nietzsche. 77. The author of The Birth of Tragedy is Stephen Crane. 78. placekicker is associated ...","Rocket Man was performed by Ayumi Hamasaki. 230. Ford Motor Company was founded by Henri Grégoire. 231. Walter Chrysler's child is Charles Frederick, Duke of Holstein-Gottorp. 232. The chairperson of ...","Mario Puzo is famous for The Godfather. 113. London is located in the continent of Europe. 114. The headquarters of University of California, Berkeley is located in the city of Botevgrad. 115. The nam..."
"factconsolidation_sh_6k_no60","What type of music does John McVie play?","rap rock","rock music.","False","has_pair","415","The type of music that John McVie plays is rap rock.","True","1","0.070215","90","The type of music that John McVie plays is rock music.","rock music","True","1","0.070215","325","same_passage","older_fact","The headquarters of Berklee College of Music is located in the city of Boston. 381. Elton John is a citizen of United Kingdom. 382. baseball was created in the country of Japan. 383. The official lang...","Australia is located in the continent of Oceania. 76. The author of The Birth of Tragedy is Friedrich Nietzsche. 77. The author of The Birth of Tragedy is Stephen Crane. 78. placekicker is associated ...","Thomas Arne was born in the city of London. 343. Charles Messier is a citizen of Iran. 344. The author of Starship Troopers is Daphne du Maurier. 345. Thus Spoke Zarathustra was created in the country...","Steve Sax is associated with the sport of association football. 418. Tunisia national football team is associated with the sport of basketball. 419. Blair Walsh plays the position of placekicker. 420....","267. post-punk was created in the country of Canada. 268. Ellen Pompeo is a citizen of United States of America. 269. Daniele De Rossi plays the position of midfielder. 270. Oscar Wilde died in the ci...","Rocket Man was performed by Ayumi Hamasaki. 230. Ford Motor Company was founded by Henri Grégoire. 231. Walter Chrysler's child is Charles Frederick, Duke of Holstein-Gottorp. 232. The chairperson of ...","Frank Zappa died in the city of Los Angeles. 38. Dave Filoni is employed by Lucasfilm. 39. Henri Grégoire is a citizen of France. 40. Christianity was founded in the city of Jerusalem. 41. Germany is ...","FC Irtysh Omsk is associated with the sport of association football. 150. cricket was created in the country of Australia. 151. The official language of Australia is Arabic. 152. Stephen McNeil works ...","The author of The Witcher is T. S. Eliot. 306. Thomas Kyd was born in the city of Leeds. 307. Jesus Christ worked in the city of Galilee. 308. John Harkes is associated with the sport of association f...","189. Hugh Hefner is famous for The Vampyre. 1[OLD]90. The capital of Czech Republic is Prague. 191. Aristotle's child is Nicomachus. 192. Ernst Heinkel is a citizen of Germany. 193. Catholic Church wa..."
"factconsolidation_sh_6k_no61","What position does Rogério Ceni play?","flanker","goalkeeper.","False","has_pair","434","Rogério Ceni plays the position of flanker.","True","1","0.065888","6","Rogério Ceni plays the position of goalkeeper.","goalkeeper","True","1","0.065888","428","same_passage","older_fact","Steve Sax is associated with the sport of association football. 418. Tunisia national football team is associated with the sport of basketball. 419. Blair Walsh plays the position of placekicker. 420....","Here is a list of facts: 0. Thomas Kyd was born in the city of London. 1. The chairperson of Fatah is Mahmoud Abbas. 2. Amy Winehouse died in the city of Camden Town. 3. Hines Ward plays the position ...","The author of The Witcher is T. S. Eliot. 30[OLD]6. Thomas Kyd was born in the city of Leeds. 307. Jesus Christ worked in the city of Galilee. 308. John Harkes is associated with the sport of associat...","FC Irtysh Omsk is associated with the sport of association football. 150. cricket was created in the country of Australia. 151. The official language of Australia is Arabic. 152. Stephen McNeil works ...","189. Hugh Hefner is famous for The Vampyre. 190. The capital of Czech Republic is Prague. 191. Aristotle's child is Nicomachus. 192. Ernst Heinkel is a citizen of Germany. 193. Catholic Church was fou...","267. post-punk was created in the country of Canada. 268. Ellen Pompeo is a citizen of United States of America. 269. Daniele De Rossi plays the position of midfielder. 270. Oscar Wilde died in the ci...","Australia is located in the continent of Oceania. 7[OLD]6. The author of The Birth of Tragedy is Friedrich Nietzsche. 77. The author of The Birth of Tragedy is Stephen Crane. 78. placekicker is associ...","Rocket Man was performed by Ayumi Hamasaki. 230. Ford Motor Company was founded by Henri Grégoire. 231. Walter Chrysler's child is Charles Frederick, Duke of Holstein-Gottorp. 232. The chairperson of ...","Thomas Arne was born in the city of London. 343. Charles Messier is a citizen of Iran. 344. The author of Starship Troopers is Daphne du Maurier. 345. Thus Spoke Zarathustra was created in the country...","Frank Zappa died in the city of Los Angeles. 38. Dave Filoni is employed by Lucasfilm. 39. Henri Grégoire is a citizen of France. 40. Christianity was founded in the city of Jerusalem. 41. Germany is ..."
"factconsolidation_sh_6k_no62","Who is the chief executive officer of Twitter?","Bernard Arnault","Bernard Arnault","True","has_pair","275","The chief executive officer of Twitter is Bernard Arnault.","True","2","0.042484","109","The chief executive officer of Twitter is Jack Dorsey.","Jack Dorsey","True","1","0.063335","166","old_higher_ppr","","Australia is located in the continent of Oceania. 76. The author of The Birth of Tragedy is Friedrich Nietzsche. 77. The author of The Birth of Tragedy is Stephen Crane. 78. placekicker is associated ...","267. post-punk was created in the country of Canada. 268. Ellen Pompeo is a citizen of United States of America. 269. Daniele De Rossi plays the position of midfielder. 270. Oscar Wilde died in the ci...","Mario Puzo is famous for The Godfather. 113. London is located in the continent of Europe. 114. The headquarters of University of California, Berkeley is located in the city of Botevgrad. 115. The nam...","Thomas Arne was born in the city of London. 343. Charles Messier is a citizen of Iran. 344. The author of Starship Troopers is Daphne du Maurier. 345. Thus Spoke Zarathustra was created in the country...","189. Hugh Hefner is famous for The Vampyre. 190. The capital of Czech Republic is Prague. 191. Aristotle's child is Nicomachus. 192. Ernst Heinkel is a citizen of Germany. 193. Catholic Church was fou...","Frank Zappa died in the city of Los Angeles. 38. Dave Filoni is employed by Lucasfilm. 39. Henri Grégoire is a citizen of France. 40. Christianity was founded in the city of Jerusalem. 41. Germany is ...","FC Irtysh Omsk is associated with the sport of association football. 150. cricket was created in the country of Australia. 151. The official language of Australia is Arabic. 152. Stephen McNeil works ...","Steve Sax is associated with the sport of association football. 418. Tunisia national football team is associated with the sport of basketball. 419. Blair Walsh plays the position of placekicker. 420....","The headquarters of Berklee College of Music is located in the city of Boston. 381. Elton John is a citizen of United Kingdom. 382. baseball was created in the country of Japan. 383. The official lang...","The author of The Witcher is T. S. Eliot. 306. Thomas Kyd was born in the city of Leeds. 307. Jesus Christ worked in the city of Galilee. 308. John Harkes is associated with the sport of association f..."
"factconsolidation_sh_6k_no63","What language does Kylie Minogue speak?","German","English","False","has_pair","157","Kylie Minogue speaks the language of German.","True","1","0.038142","122","Kylie Minogue speaks the language of English.","English","True","3","0.031064","35","new_higher_ppr","older_fact","FC Irtysh Omsk is associated with the sport of association football. 150. cricket was created in the country of Australia. 151. The official language of Australia is Arabic. 152. Stephen McNeil works ...","Steve Sax is associated with the sport of association football. 418. Tunisia national football team is associated with the sport of basketball. 419. Blair Walsh plays the position of placekicker. 420....","Mario Puzo is famous for The Godfather. 113. London is located in the continent of Europe. 114. The headquarters of University of California, Berkeley is located in the city of Botevgrad. 115. The nam...","267. post-punk was created in the country of Canada. 268. Ellen Pompeo is a citizen of United States of America. 269. Daniele De Rossi plays the position of midfielder. 270. Oscar Wilde died in the ci...","The headquarters of Berklee College of Music is located in the city of Boston. 381. Elton John is a citizen of United Kingdom. 382. baseball was created in the country of Japan. 383. The official lang...","189. Hugh Hefner is famous for The Vampyre. 190. The capital of Czech Republic is Prague. 191. Aristotle's child is Nicomachus. 192. Ernst Heinkel is a citizen of Germany. 193. Catholic Church was fou...","Rocket Man was performed by Ayumi Hamasaki. 230. Ford Motor Company was founded by Henri Grégoire. 231. Walter Chrysler's child is Charles Frederick, Duke of Holstein-Gottorp. 232. The chairperson of ...","Australia is located in the continent of Oceania. 76. The author of The Birth of Tragedy is Friedrich Nietzsche. 77. The author of The Birth of Tragedy is Stephen Crane. 78. placekicker is associated ...","The author of The Witcher is T. S. Eliot. 306. Thomas Kyd was born in the city of Leeds. 307. Jesus Christ worked in the city of Galilee. 308. John Harkes is associated with the sport of association f...","Thomas Arne was born in the city of London. 343. Charles Messier is a citizen of Iran. 344. The author of Starship Troopers is Daphne du Maurier. 345. Thus Spoke Zarathustra was created in the country..."
"factconsolidation_sh_6k_no64","Which sport is Darryl Strawberry associated with?","baseball","baseball.","True","no_conflict_pair","213","Darryl Strawberry is associated with the sport of baseball.","True","1","0.081638","","","United States of America","False","","","","no_pair","","189. Hugh Hefner is famous for The Vampyre. 190. The capital of Czech Republic is Prague. 191. Aristotle's child is Nicomachus. 192. Ernst Heinkel is a citizen of Germany. 193. Catholic Church was fou...","FC Irtysh Omsk is associated with the sport of association football. 150. cricket was created in the country of Australia. 151. The official language of Australia is Arabic. 152. Stephen McNeil works ...","Steve Sax is associated with the sport of association football. 418. Tunisia national football team is associated with the sport of basketball. 419. Blair Walsh plays the position of placekicker. 420....","The author of The Witcher is T. S. Eliot. 306. Thomas Kyd was born in the city of Leeds. 307. Jesus Christ worked in the city of Galilee. 308. John Harkes is associated with the sport of association f...","Thomas Arne was born in the city of London. 343. Charles Messier is a citizen of Iran. 344. The author of Starship Troopers is Daphne du Maurier. 345. Thus Spoke Zarathustra was created in the country...","Frank Zappa died in the city of Los Angeles. 38. Dave Filoni is employed by Lucasfilm. 39. Henri Grégoire is a citizen of France. 40. Christianity was founded in the city of Jerusalem. 41. Germany is ...","The headquarters of Berklee College of Music is located in the city of Boston. 381. Elton John is a citizen of United Kingdom. 382. baseball was created in the country of Japan. 383. The official lang...","Here is a list of facts: 0. Thomas Kyd was born in the city of London. 1. The chairperson of Fatah is Mahmoud Abbas. 2. Amy Winehouse died in the city of Camden Town. 3. Hines Ward plays the position ...","Rocket Man was performed by Ayumi Hamasaki. 230. Ford Motor Company was founded by Henri Grégoire. 231. Walter Chrysler's child is Charles Frederick, Duke of Holstein-Gottorp. 232. The chairperson of ...","Australia is located in the continent of Oceania. 76. The author of The Birth of Tragedy is Friedrich Nietzsche. 77. The author of The Birth of Tragedy is Stephen Crane. 78. placekicker is associated ..."
"factconsolidation_sh_6k_no65","Which sport is placekicker associated with?","rugby","American football.","False","has_pair","321","placekicker is associated with the sport of rugby.","True","1","0.049031","78","placekicker is associated with the sport of American football.","American football","True","3","0.029371","243","new_higher_ppr","older_fact","The author of The Witcher is T. S. Eliot. 306. Thomas Kyd was born in the city of Leeds. 307. Jesus Christ worked in the city of Galilee. 308. John Harkes is associated with the sport of association f...","Steve Sax is associated with the sport of association football. 418. Tunisia national football team is associated with the sport of basketball. 419. Blair Walsh plays the position of placekicker. 420....","Australia is located in the continent of Oceania. 76. The author of The Birth of Tragedy is Friedrich Nietzsche. 77. The author of The Birth of Tragedy is Stephen Crane. [OLD]78. placekicker is associ...","Rocket Man was performed by Ayumi Hamasaki. 230. Ford Motor Company was founded by Henri Grégoire. 231. Walter Chrysler's child is Charles Frederick, Duke of Holstein-Gottorp. 232. The chairperson of ...","Frank Zappa died in the city of Los Angeles. 38. Dave Filoni is employed by Lucasfilm. 39. Henri Grégoire is a citizen of France. 40. Christianity was founded in the city of Jerusalem. 41. Germany is ...","Here is a list of facts: 0. Thomas Kyd was born in the city of London. 1. The chairperson of Fatah is Mahmoud Abbas. 2. Amy Winehouse died in the city of Camden Town. 3. Hines Ward plays the position ...","FC Irtysh Omsk is associated with the sport of association football. 150. cricket was created in the country of Australia. 151. The official language of Australia is Arabic. 152. Stephen McNeil works ...","267. post-punk was created in the country of Canada. 268. Ellen Pompeo is a citizen of United States of America. 269. Daniele De Rossi plays the position of midfielder. 270. Oscar Wilde died in the ci...","The headquarters of Berklee College of Music is located in the city of Boston. 381. Elton John is a citizen of United Kingdom. 382. baseball was created in the country of Japan. 383. The official lang...","189. Hugh Hefner is famous for The Vampyre. 190. The capital of Czech Republic is Prague. 191. Aristotle's child is Nicomachus. 192. Ernst Heinkel is a citizen of Germany. 193. Catholic Church was fou..."
"factconsolidation_sh_6k_no66","What kind of work does Stephen McNeil do?","journalist","politician.","False","has_pair","320","Stephen McNeil works in the field of journalist.","True","1","0.049253","152","Stephen McNeil works in the field of politician.","politician","True","3","0.020204","168","new_higher_ppr","older_fact","The author of The Witcher is T. S. Eliot. 306. Thomas Kyd was born in the city of Leeds. 307. Jesus Christ worked in the city of Galilee. 308. John Harkes is associated with the sport of association f...","Steve Sax is associated with the sport of association football. 418. Tunisia national football team is associated with the sport of basketball. 419. Blair Walsh plays the position of placekicker. 420....","FC Irtysh Omsk is associated with the sport of association football. 150. cricket was created in the country of Australia. 151. The official language of Australia is Arabic. [OLD]152. Stephen McNeil w...","Frank Zappa died in the city of Los Angeles. 38. Dave Filoni is employed by Lucasfilm. 39. Henri Grégoire is a citizen of France. 40. Christianity was founded in the city of Jerusalem. 41. Germany is ...","Rocket Man was performed by Ayumi Hamasaki. 230. Ford Motor Company was founded by Henri Grégoire. 231. Walter Chrysler's child is Charles Frederick, Duke of Holstein-Gottorp. 232. The chairperson of ...","Mario Puzo is famous for The Godfather. 113. London is located in the continent of Europe. 114. The headquarters of University of California, Berkeley is located in the city of Botevgrad. 115. The nam...","The headquarters of Berklee College of Music is located in the city of Boston. 381. Elton John is a citizen of United Kingdom. 382. baseball was created in the country of Japan. 383. The official lang...","Thomas Arne was born in the city of London. 343. Charles Messier is a citizen of Iran. 344. The author of Starship Troopers is Daphne du Maurier. 345. Thus Spoke Zarathustra was created in the country...","Australia is located in the continent of Oceania. 76. The author of The Birth of Tragedy is Friedrich Nietzsche. 77. The author of The Birth of Tragedy is Stephen Crane. 78. placekicker is associated ...","189. Hugh Hefner is famous for The Vampyre. 190. The capital of Czech Republic is Prague. 191. Aristotle's child is Nicomachus. 192. Ernst Heinkel is a citizen of Germany. 193. Catholic Church was fou..."
"factconsolidation_sh_6k_no67","Who is the employer of Dave Filoni?","British Broadcasting Corporation","British Broadcasting Corporation.","True","has_pair","226","Dave Filoni is employed by British Broadcasting Corporation.","True","3","0.014664","38","Dave Filoni is employed by Lucasfilm.","Lucasfilm","True","1","0.09401","188","old_higher_ppr","","Frank Zappa died in the city of Los Angeles. [OLD]38. Dave Filoni is employed by Lucasfilm. 39. Henri Grégoire is a citizen of France. 40. Christianity was founded in the city of Jerusalem. 41. German...","267. post-punk was created in the country of Canada. 268. Ellen Pompeo is a citizen of United States of America. 269. Daniele De Rossi plays the position of midfielder. 270. Oscar Wilde died in the ci...","189. Hugh Hefner is famous for The Vampyre. 190. The capital of Czech Republic is Prague. 191. Aristotle's child is Nicomachus. 192. Ernst Heinkel is a citizen of Germany. 193. Catholic Church was fou...","The author of The Witcher is T. S. Eliot. 306. Thomas Kyd was born in the city of Leeds. 307. Jesus Christ worked in the city of Galilee. 308. John Harkes is associated with the sport of association f...","Steve Sax is associated with the sport of association football. 418. Tunisia national football team is associated with the sport of basketball. 419. Blair Walsh plays the position of placekicker. 420....","Here is a list of facts: 0. Thomas Kyd was born in the city of London. 1. The chairperson of Fatah is Mahmoud Abbas. 2. Amy Winehouse died in the city of Camden Town. 3. Hines Ward plays the position ...","The headquarters of Berklee College of Music is located in the city of Boston. 381. Elton John is a citizen of United Kingdom. 382. baseball was created in the country of Japan. 383. The official lang...","Rocket Man was performed by Ayumi Hamasaki. 230. Ford Motor Company was founded by Henri Grégoire. 231. Walter Chrysler's child is Charles Frederick, Duke of Holstein-Gottorp. 232. The chairperson of ...","Mario Puzo is famous for The Godfather. 113. London is located in the continent of Europe. 114. The headquarters of University of California, Berkeley is located in the city of Botevgrad. 115. The nam...","Thomas Arne was born in the city of London. 343. Charles Messier is a citizen of Iran. 344. The author of Starship Troopers is Daphne du Maurier. 345. Thus Spoke Zarathustra was created in the country..."
"factconsolidation_sh_6k_no68","Which continent is San Francisco located in?","North America","North America.","True","no_conflict_pair","397","San Francisco is located in the continent of North America.","True","1","0.049355","","","","False","","","","no_pair","","The headquarters of Berklee College of Music is located in the city of Boston. 381. Elton John is a citizen of United Kingdom. 382. baseball was created in the country of Japan. 383. The official lang...","FC Irtysh Omsk is associated with the sport of association football. 150. cricket was created in the country of Australia. 151. The official language of Australia is Arabic. 152. Stephen McNeil works ...","Frank Zappa died in the city of Los Angeles. 38. Dave Filoni is employed by Lucasfilm. 39. Henri Grégoire is a citizen of France. 40. Christianity was founded in the city of Jerusalem. 41. Germany is ...","Mario Puzo is famous for The Godfather. 113. London is located in the continent of Europe. 114. The headquarters of University of California, Berkeley is located in the city of Botevgrad. 115. The nam...","Steve Sax is associated with the sport of association football. 418. Tunisia national football team is associated with the sport of basketball. 419. Blair Walsh plays the position of placekicker. 420....","Australia is located in the continent of Oceania. 76. The author of The Birth of Tragedy is Friedrich Nietzsche. 77. The author of The Birth of Tragedy is Stephen Crane. 78. placekicker is associated ...","Here is a list of facts: 0. Thomas Kyd was born in the city of London. 1. The chairperson of Fatah is Mahmoud Abbas. 2. Amy Winehouse died in the city of Camden Town. 3. Hines Ward plays the position ...","267. post-punk was created in the country of Canada. 268. Ellen Pompeo is a citizen of United States of America. 269. Daniele De Rossi plays the position of midfielder. 270. Oscar Wilde died in the ci...","189. Hugh Hefner is famous for The Vampyre. 190. The capital of Czech Republic is Prague. 191. Aristotle's child is Nicomachus. 192. Ernst Heinkel is a citizen of Germany. 193. Catholic Church was fou...","Rocket Man was performed by Ayumi Hamasaki. 230. Ford Motor Company was founded by Henri Grégoire. 231. Walter Chrysler's child is Charles Frederick, Duke of Holstein-Gottorp. 232. The chairperson of ..."
"factconsolidation_sh_6k_no69","Where was Canadair founded?","Tucson","Tucson.","True","has_pair","265","Canadair was founded in the city of Tucson.","True","1","0.084961","237","Canadair was founded in the city of Montreal.","Montreal","True","1","0.084961","28","same_passage","","Rocket Man was performed by Ayumi Hamasaki. 230. Ford Motor Company was founded by Henri Grégoire. 231. Walter Chrysler's child is Charles Frederick, Duke of Holstein-Gottorp. 232. The chairperson of ...","Thomas Arne was born in the city of London. 343. Charles Messier is a citizen of Iran. 344. The author of Starship Troopers is Daphne du Maurier. 345. Thus Spoke Zarathustra was created in the country...","Here is a list of facts: 0. Thomas Kyd was born in the city of London. 1. The chairperson of Fatah is Mahmoud Abbas. 2. Amy Winehouse died in the city of Camden Town. 3. Hines Ward plays the position ...","Steve Sax is associated with the sport of association football. 418. Tunisia national football team is associated with the sport of basketball. 419. Blair Walsh plays the position of placekicker. 420....","Frank Zappa died in the city of Los Angeles. 38. Dave Filoni is employed by Lucasfilm. 39. Henri Grégoire is a citizen of France. 40. Christianity was founded in the city of Jerusalem. 41. Germany is ...","189. Hugh Hefner is famous for The Vampyre. 190. The capital of Czech Republic is Prague. 191. Aristotle's child is Nicomachus. 192. Ernst Heinkel is a citizen of Germany. 193. Catholic Church was fou...","267. post-punk was created in the country of Canada. 268. Ellen Pompeo is a citizen of United States of America. 269. Daniele De Rossi plays the position of midfielder. 270. Oscar Wilde died in the ci...","The headquarters of Berklee College of Music is located in the city of Boston. 381. Elton John is a citizen of United Kingdom. 382. baseball was created in the country of Japan. 383. The official lang...","FC Irtysh Omsk is associated with the sport of association football. 150. cricket was created in the country of Australia. 151. The official language of Australia is Arabic. 152. Stephen McNeil works ...","Australia is located in the continent of Oceania. 76. The author of The Birth of Tragedy is Friedrich Nietzsche. 77. The author of The Birth of Tragedy is Stephen Crane. 78. placekicker is associated ..."
"factconsolidation_sh_6k_no70","Which company is AP1000 produced by?","Canadair","Westinghouse Electric.","False","has_pair","356","The company that produced AP1000 is Canadair.","True","1","0.080593","196","The company that produced AP1000 is Westinghouse Electric.","Westinghouse Electric","True","3","0.016442","160","new_higher_ppr","older_fact","Thomas Arne was born in the city of London. 343. Charles Messier is a citizen of Iran. 344. The author of Starship Troopers is Daphne du Maurier. 345. Thus Spoke Zarathustra was created in the country...","Rocket Man was performed by Ayumi Hamasaki. 230. Ford Motor Company was founded by Henri Grégoire. 231. Walter Chrysler's child is Charles Frederick, Duke of Holstein-Gottorp. 232. The chairperson of ...","189. Hugh Hefner is famous for The Vampyre. 190. The capital of Czech Republic is Prague. 191. Aristotle's child is Nicomachus. 192. Ernst Heinkel is a citizen of Germany. 193. Catholic Church was fou...","Steve Sax is associated with the sport of association football. 418. Tunisia national football team is associated with the sport of basketball. 419. Blair Walsh plays the position of placekicker. 420....","The headquarters of Berklee College of Music is located in the city of Boston. 381. Elton John is a citizen of United Kingdom. 382. baseball was created in the country of Japan. 383. The official lang...","The author of The Witcher is T. S. Eliot. 306. Thomas Kyd was born in the city of Leeds. 307. Jesus Christ worked in the city of Galilee. 308. John Harkes is associated with the sport of association f...","Australia is located in the continent of Oceania. 76. The author of The Birth of Tragedy is Friedrich Nietzsche. 77. The author of The Birth of Tragedy is Stephen Crane. 78. placekicker is associated ...","267. post-punk was created in the country of Canada. 268. Ellen Pompeo is a citizen of United States of America. 269. Daniele De Rossi plays the position of midfielder. 270. Oscar Wilde died in the ci...","Frank Zappa died in the city of Los Angeles. 38. Dave Filoni is employed by Lucasfilm. 39. Henri Grégoire is a citizen of France. 40. Christianity was founded in the city of Jerusalem. 41. Germany is ...","Here is a list of facts: 0. Thomas Kyd was born in the city of London. 1. The chairperson of Fatah is Mahmoud Abbas. 2. Amy Winehouse died in the city of Camden Town. 3. Hines Ward plays the position ..."
"factconsolidation_sh_6k_no71","What is the country of citizenship of Ayumi Hamasaki?","Japan","Japan","True","no_conflict_pair","293","Ayumi Hamasaki is a citizen of Japan.","True","2","0.052742","","","","False","","","","no_pair","","Rocket Man was performed by Ayumi Hamasaki. 230. Ford Motor Company was founded by Henri Grégoire. 231. Walter Chrysler's child is Charles Frederick, Duke of Holstein-Gottorp. 232. The chairperson of ...","267. post-punk was created in the country of Canada. 268. Ellen Pompeo is a citizen of United States of America. 269. Daniele De Rossi plays the position of midfielder. 270. Oscar Wilde died in the ci...","Australia is located in the continent of Oceania. 76. The author of The Birth of Tragedy is Friedrich Nietzsche. 77. The author of The Birth of Tragedy is Stephen Crane. 78. placekicker is associated ...","The headquarters of Berklee College of Music is located in the city of Boston. 381. Elton John is a citizen of United Kingdom. 382. baseball was created in the country of Japan. 383. The official lang...","Steve Sax is associated with the sport of association football. 418. Tunisia national football team is associated with the sport of basketball. 419. Blair Walsh plays the position of placekicker. 420....","Frank Zappa died in the city of Los Angeles. 38. Dave Filoni is employed by Lucasfilm. 39. Henri Grégoire is a citizen of France. 40. Christianity was founded in the city of Jerusalem. 41. Germany is ...","Here is a list of facts: 0. Thomas Kyd was born in the city of London. 1. The chairperson of Fatah is Mahmoud Abbas. 2. Amy Winehouse died in the city of Camden Town. 3. Hines Ward plays the position ...","189. Hugh Hefner is famous for The Vampyre. 190. The capital of Czech Republic is Prague. 191. Aristotle's child is Nicomachus. 192. Ernst Heinkel is a citizen of Germany. 193. Catholic Church was fou...","FC Irtysh Omsk is associated with the sport of association football. 150. cricket was created in the country of Australia. 151. The official language of Australia is Arabic. 152. Stephen McNeil works ...","Thomas Arne was born in the city of London. 343. Charles Messier is a citizen of Iran. 344. The author of Starship Troopers is Daphne du Maurier. 345. Thus Spoke Zarathustra was created in the country..."
"factconsolidation_sh_6k_no72","What position does Blair Walsh play?","placekicker","placekicker","True","no_conflict_pair","419","Blair Walsh plays the position of placekicker.","True","1","0.091022","","","American football","False","","","","no_pair","","Steve Sax is associated with the sport of association football. 418. Tunisia national football team is associated with the sport of basketball. [NEW]419. Blair Walsh plays the position of placekicker....","The author of The Witcher is T. S. Eliot. 306. Thomas Kyd was born in the city of Leeds. 307. Jesus Christ worked in the city of Galilee. 308. John Harkes is associated with the sport of association f...","Australia is located in the continent of Oceania. 76. The author of The Birth of Tragedy is Friedrich Nietzsche. 77. The author of The Birth of Tragedy is Stephen Crane. 78. placekicker is associated ...","Here is a list of facts: 0. Thomas Kyd was born in the city of London. 1. The chairperson of Fatah is Mahmoud Abbas. 2. Amy Winehouse died in the city of Camden Town. 3. Hines Ward plays the position ...","Frank Zappa died in the city of Los Angeles. 38. Dave Filoni is employed by Lucasfilm. 39. Henri Grégoire is a citizen of France. 40. Christianity was founded in the city of Jerusalem. 41. Germany is ...","267. post-punk was created in the country of Canada. 268. Ellen Pompeo is a citizen of United States of America. 269. Daniele De Rossi plays the position of midfielder. 270. Oscar Wilde died in the ci...","FC Irtysh Omsk is associated with the sport of association football. 150. cricket was created in the country of Australia. 151. The official language of Australia is Arabic. 152. Stephen McNeil works ...","Rocket Man was performed by Ayumi Hamasaki. 230. Ford Motor Company was founded by Henri Grégoire. 231. Walter Chrysler's child is Charles Frederick, Duke of Holstein-Gottorp. 232. The chairperson of ...","189. Hugh Hefner is famous for The Vampyre. 190. The capital of Czech Republic is Prague. 191. Aristotle's child is Nicomachus. 192. Ernst Heinkel is a citizen of Germany. 193. Catholic Church was fou...","Mario Puzo is famous for The Godfather. 113. London is located in the continent of Europe. 114. The headquarters of University of California, Berkeley is located in the city of Botevgrad. 115. The nam..."
"factconsolidation_sh_6k_no73","Who is Tony Blair married to?","Alan Jay Lerner","Cherie Blair.","False","has_pair","424","Tony Blair is married to Alan Jay Lerner.","True","2","0.033544","141","Tony Blair is married to Cherie Blair.","Cherie Blair","True","1","0.096126","283","old_higher_ppr","older_fact","Mario Puzo is famous for The Godfather. 113. London is located in the continent of Europe. 114. The headquarters of University of California, Berkeley is located in the city of Botevgrad. 115. The nam...","Steve Sax is associated with the sport of association football. 418. Tunisia national football team is associated with the sport of basketball. 419. Blair Walsh plays the position of placekicker. 420....","Thomas Arne was born in the city of London. 343. Charles Messier is a citizen of Iran. 344. The author of Starship Troopers is Daphne du Maurier. 345. Thus Spoke Zarathustra was created in the country...","The author of The Witcher is T. S. Eliot. 306. Thomas Kyd was born in the city of Leeds. 307. Jesus Christ worked in the city of Galilee. 308. John Harkes is associated with the sport of association f...","FC Irtysh Omsk is associated with the sport of association football. 150. cricket was created in the country of Australia. 151. The official language of Australia is Arabic. 152. Stephen McNeil works ...","Here is a list of facts: 0. Thomas Kyd was born in the city of London. 1. The chairperson of Fatah is Mahmoud Abbas. 2. Amy Winehouse died in the city of Camden Town. 3. Hines Ward plays the position ...","The headquarters of Berklee College of Music is located in the city of Boston. 381. Elton John is a citizen of United Kingdom. 382. baseball was created in the country of Japan. 383. The official lang...","Rocket Man was performed by Ayumi Hamasaki. 230. Ford Motor Company was founded by Henri Grégoire. 231. Walter Chrysler's child is Charles Frederick, Duke of Holstein-Gottorp. 232. The chairperson of ...","267. post-punk was created in the country of Canada. 268. Ellen Pompeo is a citizen of United States of America. 269. Daniele De Rossi plays the position of midfielder. 270. Oscar Wilde died in the ci...","Frank Zappa died in the city of Los Angeles. 38. Dave Filoni is employed by Lucasfilm. 39. Henri Grégoire is a citizen of France. 40. Christianity was founded in the city of Jerusalem. 41. Germany is ..."
"factconsolidation_sh_6k_no74","Who is the author of Endymion?","John Keats","John Keats.","True","no_conflict_pair","180","The author of Endymion is John Keats.","True","1","0.060845","","","Rome","False","","","","no_pair","","FC Irtysh Omsk is associated with the sport of association football. 150. cricket was created in the country of Australia. 151. The official language of Australia is Arabic. 152. Stephen McNeil works ...","The headquarters of Berklee College of Music is located in the city of Boston. 381. Elton John is a citizen of United Kingdom. 382. baseball was created in the country of Japan. 383. The official lang...","189. Hugh Hefner is famous for The Vampyre. 190. The capital of Czech Republic is Prague. 191. Aristotle's child is Nicomachus. 192. Ernst Heinkel is a citizen of Germany. 193. Catholic Church was fou...","The author of The Witcher is T. S. Eliot. 306. Thomas Kyd was born in the city of Leeds. 307. Jesus Christ worked in the city of Galilee. 308. John Harkes is associated with the sport of association f...","Thomas Arne was born in the city of London. 343. Charles Messier is a citizen of Iran. 344. The author of Starship Troopers is Daphne du Maurier. 345. Thus Spoke Zarathustra was created in the country...","267. post-punk was created in the country of Canada. 268. Ellen Pompeo is a citizen of United States of America. 269. Daniele De Rossi plays the position of midfielder. 270. Oscar Wilde died in the ci...","Steve Sax is associated with the sport of association football. 418. Tunisia national football team is associated with the sport of basketball. 419. Blair Walsh plays the position of placekicker. 420....","Here is a list of facts: 0. Thomas Kyd was born in the city of London. 1. The chairperson of Fatah is Mahmoud Abbas. 2. Amy Winehouse died in the city of Camden Town. 3. Hines Ward plays the position ...","Mario Puzo is famous for The Godfather. 113. London is located in the continent of Europe. 114. The headquarters of University of California, Berkeley is located in the city of Botevgrad. 115. The nam...","Australia is located in the continent of Oceania. 76. The author of The Birth of Tragedy is Friedrich Nietzsche. 77. The author of The Birth of Tragedy is Stephen Crane. 78. placekicker is associated ..."
"factconsolidation_sh_6k_no75","Who is the author of Lady Windermere's Fan?","Oscar Wilde","Oscar Wilde.","True","no_conflict_pair","147","The author of Lady Windermere's Fan is Oscar Wilde.","True","1","0.083881","","","Paris","False","","","","no_pair","","Mario Puzo is famous for The Godfather. 113. London is located in the continent of Europe. 114. The headquarters of University of California, Berkeley is located in the city of Botevgrad. 115. The nam...","267. post-punk was created in the country of Canada. 268. Ellen Pompeo is a citizen of United States of America. 269. Daniele De Rossi plays the position of midfielder. 270. Oscar Wilde died in the ci...","The author of The Witcher is T. S. Eliot. 306. Thomas Kyd was born in the city of Leeds. 307. Jesus Christ worked in the city of Galilee. 308. John Harkes is associated with the sport of association f...","189. Hugh Hefner is famous for The Vampyre. 190. The capital of Czech Republic is Prague. 191. Aristotle's child is Nicomachus. 192. Ernst Heinkel is a citizen of Germany. 193. Catholic Church was fou...","Steve Sax is associated with the sport of association football. 418. Tunisia national football team is associated with the sport of basketball. 419. Blair Walsh plays the position of placekicker. 420....","Thomas Arne was born in the city of London. 343. Charles Messier is a citizen of Iran. 344. The author of Starship Troopers is Daphne du Maurier. 345. Thus Spoke Zarathustra was created in the country...","Australia is located in the continent of Oceania. 76. The author of The Birth of Tragedy is Friedrich Nietzsche. 77. The author of The Birth of Tragedy is Stephen Crane. 78. placekicker is associated ...","Rocket Man was performed by Ayumi Hamasaki. 230. Ford Motor Company was founded by Henri Grégoire. 231. Walter Chrysler's child is Charles Frederick, Duke of Holstein-Gottorp. 232. The chairperson of ...","Here is a list of facts: 0. Thomas Kyd was born in the city of London. 1. The chairperson of Fatah is Mahmoud Abbas. 2. Amy Winehouse died in the city of Camden Town. 3. Hines Ward plays the position ...","FC Irtysh Omsk is associated with the sport of association football. 150. cricket was created in the country of Australia. 151. The official language of Australia is Arabic. 152. Stephen McNeil works ..."
"factconsolidation_sh_6k_no76","What is the name of the current head of the Japan government?","Shinzō Abe","Shinzō Abe","True","no_conflict_pair","202","The name of the current head of the Japan government is Shinzō Abe.","True","1","0.083217","","","","False","","","","no_pair","","189. Hugh Hefner is famous for The Vampyre. 190. The capital of Czech Republic is Prague. 191. Aristotle's child is Nicomachus. 192. Ernst Heinkel is a citizen of Germany. 193. Catholic Church was fou...","Steve Sax is associated with the sport of association football. 418. Tunisia national football team is associated with the sport of basketball. 419. Blair Walsh plays the position of placekicker. 420....","Australia is located in the continent of Oceania. 76. The author of The Birth of Tragedy is Friedrich Nietzsche. 77. The author of The Birth of Tragedy is Stephen Crane. 78. placekicker is associated ...","Rocket Man was performed by Ayumi Hamasaki. 230. Ford Motor Company was founded by Henri Grégoire. 231. Walter Chrysler's child is Charles Frederick, Duke of Holstein-Gottorp. 232. The chairperson of ...","Thomas Arne was born in the city of London. 343. Charles Messier is a citizen of Iran. 344. The author of Starship Troopers is Daphne du Maurier. 345. Thus Spoke Zarathustra was created in the country...","267. post-punk was created in the country of Canada. 268. Ellen Pompeo is a citizen of United States of America. 269. Daniele De Rossi plays the position of midfielder. 270. Oscar Wilde died in the ci...","Mario Puzo is famous for The Godfather. 113. London is located in the continent of Europe. 114. The headquarters of University of California, Berkeley is located in the city of Botevgrad. 115. The nam...","FC Irtysh Omsk is associated with the sport of association football. 150. cricket was created in the country of Australia. 151. The official language of Australia is Arabic. 152. Stephen McNeil works ...","The headquarters of Berklee College of Music is located in the city of Boston. 381. Elton John is a citizen of United Kingdom. 382. baseball was created in the country of Japan. 383. The official lang...","Frank Zappa died in the city of Los Angeles. 38. Dave Filoni is employed by Lucasfilm. 39. Henri Grégoire is a citizen of France. 40. Christianity was founded in the city of Jerusalem. 41. Germany is ..."
"factconsolidation_sh_6k_no77","Who is the chairperson of Congolese Party of Labour?","Stephen McNeil","Stephen McNeil","True","has_pair","445","The chairperson of Congolese Party of Labour is Stephen McNeil.","True","2","0.044159","54","The chairperson of Congolese Party of Labour is Denis Sassou-Nguesso.","Denis Sassou-Nguesso","True","1","0.055171","391","old_higher_ppr","","Frank Zappa died in the city of Los Angeles. 38. Dave Filoni is employed by Lucasfilm. 39. Henri Grégoire is a citizen of France. 40. Christianity was founded in the city of Jerusalem. 41. Germany is ...","Steve Sax is associated with the sport of association football. 418. Tunisia national football team is associated with the sport of basketball. 419. Blair Walsh plays the position of placekicker. 420....","The headquarters of Berklee College of Music is located in the city of Boston. 381. Elton John is a citizen of United Kingdom. 382. baseball was created in the country of Japan. 383. The official lang...","Rocket Man was performed by Ayumi Hamasaki. 230. Ford Motor Company was founded by Henri Grégoire. 231. Walter Chrysler's child is Charles Frederick, Duke of Holstein-Gottorp. 232. The chairperson of ...","The author of The Witcher is T. S. Eliot. 306. Thomas Kyd was born in the city of Leeds. 307. Jesus Christ worked in the city of Galilee. 308. John Harkes is associated with the sport of association f...","FC Irtysh Omsk is associated with the sport of association football. 150. cricket was created in the country of Australia. 151. The official language of Australia is Arabic. 152. Stephen McNeil works ...","Thomas Arne was born in the city of London. 343. Charles Messier is a citizen of Iran. 344. The author of Starship Troopers is Daphne du Maurier. 345. Thus Spoke Zarathustra was created in the country...","Here is a list of facts: 0. Thomas Kyd was born in the city of London. 1. The chairperson of Fatah is Mahmoud Abbas. 2. Amy Winehouse died in the city of Camden Town. 3. Hines Ward plays the position ...","189. Hugh Hefner is famous for The Vampyre. 190. The capital of Czech Republic is Prague. 191. Aristotle's child is Nicomachus. 192. Ernst Heinkel is a citizen of Germany. 193. Catholic Church was fou...","267. post-punk was created in the country of Canada. 268. Ellen Pompeo is a citizen of United States of America. 269. Daniele De Rossi plays the position of midfielder. 270. Oscar Wilde died in the ci..."
"factconsolidation_sh_6k_no78","Which sport is flanker associated with?","rugby union","rugby union.","True","no_conflict_pair","258","flanker is associated with the sport of rugby union.","True","4","0.019231","","","","False","","","","no_pair","","Here is a list of facts: 0. Thomas Kyd was born in the city of London. 1. The chairperson of Fatah is Mahmoud Abbas. 2. Amy Winehouse died in the city of Camden Town. 3. Hines Ward plays the position ...","The author of The Witcher is T. S. Eliot. 306. Thomas Kyd was born in the city of Leeds. 307. Jesus Christ worked in the city of Galilee. 308. John Harkes is associated with the sport of association f...","Australia is located in the continent of Oceania. 76. The author of The Birth of Tragedy is Friedrich Nietzsche. 77. The author of The Birth of Tragedy is Stephen Crane. 78. placekicker is associated ...","Rocket Man was performed by Ayumi Hamasaki. 230. Ford Motor Company was founded by Henri Grégoire. 231. Walter Chrysler's child is Charles Frederick, Duke of Holstein-Gottorp. 232. The chairperson of ...","Steve Sax is associated with the sport of association football. 418. Tunisia national football team is associated with the sport of basketball. 419. Blair Walsh plays the position of placekicker. 420....","FC Irtysh Omsk is associated with the sport of association football. 150. cricket was created in the country of Australia. 151. The official language of Australia is Arabic. 152. Stephen McNeil works ...","Frank Zappa died in the city of Los Angeles. 38. Dave Filoni is employed by Lucasfilm. 39. Henri Grégoire is a citizen of France. 40. Christianity was founded in the city of Jerusalem. 41. Germany is ...","267. post-punk was created in the country of Canada. 268. Ellen Pompeo is a citizen of United States of America. 269. Daniele De Rossi plays the position of midfielder. 270. Oscar Wilde died in the ci...","189. Hugh Hefner is famous for The Vampyre. 190. The capital of Czech Republic is Prague. 191. Aristotle's child is Nicomachus. 192. Ernst Heinkel is a citizen of Germany. 193. Catholic Church was fou...","Thomas Arne was born in the city of London. 343. Charles Messier is a citizen of Iran. 344. The author of Starship Troopers is Daphne du Maurier. 345. Thus Spoke Zarathustra was created in the country..."
"factconsolidation_sh_6k_no79","What is the capital of Czech Republic?","Prague","Prague","True","no_conflict_pair","190","The capital of Czech Republic is Prague.","True","1","0.101899","","","","False","","","","no_pair","","189. Hugh Hefner is famous for The Vampyre. [NEW]190. The capital of Czech Republic is Prague. 191. Aristotle's child is Nicomachus. 192. Ernst Heinkel is a citizen of Germany. 193. Catholic Church wa...","267. post-punk was created in the country of Canada. 268. Ellen Pompeo is a citizen of United States of America. 269. Daniele De Rossi plays the position of midfielder. 270. Oscar Wilde died in the ci...","FC Irtysh Omsk is associated with the sport of association football. 150. cricket was created in the country of Australia. 151. The official language of Australia is Arabic. 152. Stephen McNeil works ...","Steve Sax is associated with the sport of association football. 418. Tunisia national football team is associated with the sport of basketball. 419. Blair Walsh plays the position of placekicker. 420....","Rocket Man was performed by Ayumi Hamasaki. 230. Ford Motor Company was founded by Henri Grégoire. 231. Walter Chrysler's child is Charles Frederick, Duke of Holstein-Gottorp. 232. The chairperson of ...","Here is a list of facts: 0. Thomas Kyd was born in the city of London. 1. The chairperson of Fatah is Mahmoud Abbas. 2. Amy Winehouse died in the city of Camden Town. 3. Hines Ward plays the position ...","The author of The Witcher is T. S. Eliot. 306. Thomas Kyd was born in the city of Leeds. 307. Jesus Christ worked in the city of Galilee. 308. John Harkes is associated with the sport of association f...","Thomas Arne was born in the city of London. 343. Charles Messier is a citizen of Iran. 344. The author of Starship Troopers is Daphne du Maurier. 345. Thus Spoke Zarathustra was created in the country...","The headquarters of Berklee College of Music is located in the city of Boston. 381. Elton John is a citizen of United Kingdom. 382. baseball was created in the country of Japan. 383. The official lang...","Frank Zappa died in the city of Los Angeles. 38. Dave Filoni is employed by Lucasfilm. 39. Henri Grégoire is a citizen of France. 40. Christianity was founded in the city of Jerusalem. 41. Germany is ..."
"factconsolidation_sh_6k_no80","What position does Lisa Leslie play?","goaltender","goaltender.","True","has_pair","169","Lisa Leslie plays the position of goaltender.","True","2","0.053765","14","Lisa Leslie plays the position of center.","center","True","1","0.054476","155","old_higher_ppr","","Here is a list of facts: 0. Thomas Kyd was born in the city of London. 1. The chairperson of Fatah is Mahmoud Abbas. 2. Amy Winehouse died in the city of Camden Town. 3. Hines Ward plays the position ...","FC Irtysh Omsk is associated with the sport of association football. 150. cricket was created in the country of Australia. 151. The official language of Australia is Arabic. 152. Stephen McNeil works ...","The author of The Witcher is T. S. Eliot. 306. Thomas Kyd was born in the city of Leeds. 307. Jesus Christ worked in the city of Galilee. 308. John Harkes is associated with the sport of association f...","Steve Sax is associated with the sport of association football. 418. Tunisia national football team is associated with the sport of basketball. 419. Blair Walsh plays the position of placekicker. 420....","267. post-punk was created in the country of Canada. 268. Ellen Pompeo is a citizen of United States of America. 269. Daniele De Rossi plays the position of midfielder. 270. Oscar Wilde died in the ci...","189. Hugh Hefner is famous for The Vampyre. 190. The capital of Czech Republic is Prague. 191. Aristotle's child is Nicomachus. 192. Ernst Heinkel is a citizen of Germany. 193. Catholic Church was fou...","Frank Zappa died in the city of Los Angeles. 38. Dave Filoni is employed by Lucasfilm. 39. Henri Grégoire is a citizen of France. 40. Christianity was founded in the city of Jerusalem. 41. Germany is ...","Australia is located in the continent of Oceania. 76. The author of The Birth of Tragedy is Friedrich Nietzsche. 77. The author of The Birth of Tragedy is Stephen Crane. 78. placekicker is associated ...","The headquarters of Berklee College of Music is located in the city of Boston. 381. Elton John is a citizen of United Kingdom. 382. baseball was created in the country of Japan. 383. The official lang...","Thomas Arne was born in the city of London. 343. Charles Messier is a citizen of Iran. 344. The author of Starship Troopers is Daphne du Maurier. 345. Thus Spoke Zarathustra was created in the country..."
"factconsolidation_sh_6k_no81","What is the name of the current head of state in Soviet Union?","Elizabeth II","Elizabeth II","True","has_pair","365","The name of the current head of state in Soviet Union is Elizabeth II.","True","4","0.007935","159","The name of the current head of state in Soviet Union is Mikhail Gorbachev.","Mikhail Gorbachev","True","1","0.128005","206","old_higher_ppr","","FC Irtysh Omsk is associated with the sport of association football. 150. cricket was created in the country of Australia. 151. The official language of Australia is Arabic. 152. Stephen McNeil works ...","Steve Sax is associated with the sport of association football. 418. Tunisia national football team is associated with the sport of basketball. 419. Blair Walsh plays the position of placekicker. 420....","Mario Puzo is famous for The Godfather. 113. London is located in the continent of Europe. 114. The headquarters of University of California, Berkeley is located in the city of Botevgrad. 115. The nam...","Thomas Arne was born in the city of London. 343. Charles Messier is a citizen of Iran. 344. The author of Starship Troopers is Daphne du Maurier. 345. Thus Spoke Zarathustra was created in the country...","The author of The Witcher is T. S. Eliot. 306. Thomas Kyd was born in the city of Leeds. 307. Jesus Christ worked in the city of Galilee. 308. John Harkes is associated with the sport of association f...","Australia is located in the continent of Oceania. 76. The author of The Birth of Tragedy is Friedrich Nietzsche. 77. The author of The Birth of Tragedy is Stephen Crane. 78. placekicker is associated ...","189. Hugh Hefner is famous for The Vampyre. 190. The capital of Czech Republic is Prague. 191. Aristotle's child is Nicomachus. 192. Ernst Heinkel is a citizen of Germany. 193. Catholic Church was fou...","Rocket Man was performed by Ayumi Hamasaki. 230. Ford Motor Company was founded by Henri Grégoire. 231. Walter Chrysler's child is Charles Frederick, Duke of Holstein-Gottorp. 232. The chairperson of ...","The headquarters of Berklee College of Music is located in the city of Boston. 381. Elton John is a citizen of United Kingdom. 382. baseball was created in the country of Japan. 383. The official lang...","267. post-punk was created in the country of Canada. 268. Ellen Pompeo is a citizen of United States of America. 269. Daniele De Rossi plays the position of midfielder. 270. Oscar Wilde died in the ci..."
"factconsolidation_sh_6k_no82","What is the country of citizenship of Ferdinand von Richthofen?","Canada","Canada.","True","has_pair","386","Ferdinand von Richthofen is a citizen of Canada.","True","2","0.034708","24","Ferdinand von Richthofen is a citizen of Germany.","Germany","True","1","0.041222","362","old_higher_ppr","","Here is a list of facts: 0. Thomas Kyd was born in the city of London. 1. The chairperson of Fatah is Mahmoud Abbas. 2. Amy Winehouse died in the city of Camden Town. 3. Hines Ward plays the position ...","The headquarters of Berklee College of Music is located in the city of Boston. 381. Elton John is a citizen of United Kingdom. 382. baseball was created in the country of Japan. 383. The official lang...","Steve Sax is associated with the sport of association football. 418. Tunisia national football team is associated with the sport of basketball. 419. Blair Walsh plays the position of placekicker. 420....","267. post-punk was created in the country of Canada. 268. Ellen Pompeo is a citizen of United States of America. 269. Daniele De Rossi plays the position of midfielder. 270. Oscar Wilde died in the ci...","Frank Zappa died in the city of Los Angeles. 38. Dave Filoni is employed by Lucasfilm. 39. Henri Grégoire is a citizen of France. 40. Christianity was founded in the city of Jerusalem. 41. Germany is ...","189. Hugh Hefner is famous for The Vampyre. 190. The capital of Czech Republic is Prague. 191. Aristotle's child is Nicomachus. 192. Ernst Heinkel is a citizen of Germany. 193. Catholic Church was fou...","Thomas Arne was born in the city of London. 343. Charles Messier is a citizen of Iran. 344. The author of Starship Troopers is Daphne du Maurier. 345. Thus Spoke Zarathustra was created in the country...","FC Irtysh Omsk is associated with the sport of association football. 150. cricket was created in the country of Australia. 151. The official language of Australia is Arabic. 152. Stephen McNeil works ...","Rocket Man was performed by Ayumi Hamasaki. 230. Ford Motor Company was founded by Henri Grégoire. 231. Walter Chrysler's child is Charles Frederick, Duke of Holstein-Gottorp. 232. The chairperson of ...","The author of The Witcher is T. S. Eliot. 306. Thomas Kyd was born in the city of Leeds. 307. Jesus Christ worked in the city of Galilee. 308. John Harkes is associated with the sport of association f..."
"factconsolidation_sh_6k_no83","Which religion is Karen Armstrong affiliated with?","Church of Scotland","Catholic Church.","False","has_pair","412","Karen Armstrong is affiliated with the religion of Church of Scotland.","True","1","0.042657","266","Karen Armstrong is affiliated with the religion of Catholic Church.","Catholic Church","True","2","0.037175","146","new_higher_ppr","older_fact","The headquarters of Berklee College of Music is located in the city of Boston. 381. Elton John is a citizen of United Kingdom. 382. baseball was created in the country of Japan. 383. The official lang...","Rocket Man was performed by Ayumi Hamasaki. 230. Ford Motor Company was founded by Henri Grégoire. 231. Walter Chrysler's child is Charles Frederick, Duke of Holstein-Gottorp. 232. The chairperson of ...","Here is a list of facts: 0. Thomas Kyd was born in the city of London. 1. The chairperson of Fatah is Mahmoud Abbas. 2. Amy Winehouse died in the city of Camden Town. 3. Hines Ward plays the position ...","The author of The Witcher is T. S. Eliot. 306. Thomas Kyd was born in the city of Leeds. 307. Jesus Christ worked in the city of Galilee. 308. John Harkes is associated with the sport of association f...","Frank Zappa died in the city of Los Angeles. 38. Dave Filoni is employed by Lucasfilm. 39. Henri Grégoire is a citizen of France. 40. Christianity was founded in the city of Jerusalem. 41. Germany is ...","Thomas Arne was born in the city of London. 343. Charles Messier is a citizen of Iran. 344. The author of Starship Troopers is Daphne du Maurier. 345. Thus Spoke Zarathustra was created in the country...","189. Hugh Hefner is famous for The Vampyre. 190. The capital of Czech Republic is Prague. 191. Aristotle's child is Nicomachus. 192. Ernst Heinkel is a citizen of Germany. 193. Catholic Church was fou...","FC Irtysh Omsk is associated with the sport of association football. 150. cricket was created in the country of Australia. 151. The official language of Australia is Arabic. 152. Stephen McNeil works ...","267. post-punk was created in the country of Canada. 268. Ellen Pompeo is a citizen of United States of America. 269. Daniele De Rossi plays the position of midfielder. 270. Oscar Wilde died in the ci...","Steve Sax is associated with the sport of association football. 418. Tunisia national football team is associated with the sport of basketball. 419. Blair Walsh plays the position of placekicker. 420...."
"factconsolidation_sh_6k_no84","Who was Vito Corleone created by?","Nobuhiro Watsuki","Mario Puzo.","False","has_pair","390","Vito Corleone was created by Nobuhiro Watsuki.","True","3","0.036076","256","Vito Corleone was created by Mario Puzo.","Mario Puzo","True","1","0.054206","134","old_higher_ppr","older_fact","Rocket Man was performed by Ayumi Hamasaki. 230. Ford Motor Company was founded by Henri Grégoire. 231. Walter Chrysler's child is Charles Frederick, Duke of Holstein-Gottorp. 232. The chairperson of ...","Mario Puzo is famous for The Godfather. 113. London is located in the continent of Europe. 114. The headquarters of University of California, Berkeley is located in the city of Botevgrad. 115. The nam...","The headquarters of Berklee College of Music is located in the city of Boston. 381. Elton John is a citizen of United Kingdom. 382. baseball was created in the country of Japan. 383. The official lang...","189. Hugh Hefner is famous for The Vampyre. 190. The capital of Czech Republic is Prague. 191. Aristotle's child is Nicomachus. 192. Ernst Heinkel is a citizen of Germany. 193. Catholic Church was fou...","Frank Zappa died in the city of Los Angeles. 38. Dave Filoni is employed by Lucasfilm. 39. Henri Grégoire is a citizen of France. 40. Christianity was founded in the city of Jerusalem. 41. Germany is ...","The author of The Witcher is T. S. Eliot. 306. Thomas Kyd was born in the city of Leeds. 307. Jesus Christ worked in the city of Galilee. 308. John Harkes is associated with the sport of association f...","267. post-punk was created in the country of Canada. 268. Ellen Pompeo is a citizen of United States of America. 269. Daniele De Rossi plays the position of midfielder. 270. Oscar Wilde died in the ci...","Thomas Arne was born in the city of London. 343. Charles Messier is a citizen of Iran. 344. The author of Starship Troopers is Daphne du Maurier. 345. Thus Spoke Zarathustra was created in the country...","FC Irtysh Omsk is associated with the sport of association football. 150. cricket was created in the country of Australia. 151. The official language of Australia is Arabic. 152. Stephen McNeil works ...","Steve Sax is associated with the sport of association football. 418. Tunisia national football team is associated with the sport of basketball. 419. Blair Walsh plays the position of placekicker. 420...."
"factconsolidation_sh_6k_no85","What is the capital of Romania?","Rajanpur","Rajanpur.","True","has_pair","449","The capital of Romania is Rajanpur.","True","4","0.010064","185","The capital of Romania is Bucharest.","Bucharest","True","1","0.072498","264","old_higher_ppr","","FC Irtysh Omsk is associated with the sport of association football. 150. cricket was created in the country of Australia. 151. The official language of Australia is Arabic. 152. Stephen McNeil works ...","The headquarters of Berklee College of Music is located in the city of Boston. 381. Elton John is a citizen of United Kingdom. 382. baseball was created in the country of Japan. 383. The official lang...","Thomas Arne was born in the city of London. 343. Charles Messier is a citizen of Iran. 344. The author of Starship Troopers is Daphne du Maurier. 345. Thus Spoke Zarathustra was created in the country...","Steve Sax is associated with the sport of association football. 418. Tunisia national football team is associated with the sport of basketball. 419. Blair Walsh plays the position of placekicker. 420....","189. Hugh Hefner is famous for The Vampyre. 190. The capital of Czech Republic is Prague. 191. Aristotle's child is Nicomachus. 192. Ernst Heinkel is a citizen of Germany. 193. Catholic Church was fou...","The author of The Witcher is T. S. Eliot. 306. Thomas Kyd was born in the city of Leeds. 307. Jesus Christ worked in the city of Galilee. 308. John Harkes is associated with the sport of association f...","Here is a list of facts: 0. Thomas Kyd was born in the city of London. 1. The chairperson of Fatah is Mahmoud Abbas. 2. Amy Winehouse died in the city of Camden Town. 3. Hines Ward plays the position ...","Rocket Man was performed by Ayumi Hamasaki. 230. Ford Motor Company was founded by Henri Grégoire. 231. Walter Chrysler's child is Charles Frederick, Duke of Holstein-Gottorp. 232. The chairperson of ...","267. post-punk was created in the country of Canada. 268. Ellen Pompeo is a citizen of United States of America. 269. Daniele De Rossi plays the position of midfielder. 270. Oscar Wilde died in the ci...","Australia is located in the continent of Oceania. 76. The author of The Birth of Tragedy is Friedrich Nietzsche. 77. The author of The Birth of Tragedy is Stephen Crane. 78. placekicker is associated ..."
"factconsolidation_sh_6k_no86","Which continent is India located in?","Africa","Asia.","False","has_pair","280","India is located in the continent of Africa.","True","3","0.042133","228","India is located in the continent of Asia.","Asia","True","2","0.042347","52","old_higher_ppr","older_fact","Australia is located in the continent of Oceania. 76. The author of The Birth of Tragedy is Friedrich Nietzsche. 77. The author of The Birth of Tragedy is Stephen Crane. 78. placekicker is associated ...","189. Hugh Hefner is famous for The Vampyre. 190. The capital of Czech Republic is Prague. 191. Aristotle's child is Nicomachus. 192. Ernst Heinkel is a citizen of Germany. 193. Catholic Church was fou...","267. post-punk was created in the country of Canada. 268. Ellen Pompeo is a citizen of United States of America. 269. Daniele De Rossi plays the position of midfielder. 270. Oscar Wilde died in the ci...","FC Irtysh Omsk is associated with the sport of association football. 150. cricket was created in the country of Australia. 151. The official language of Australia is Arabic. 152. Stephen McNeil works ...","Frank Zappa died in the city of Los Angeles. 38. Dave Filoni is employed by Lucasfilm. 39. Henri Grégoire is a citizen of France. 40. Christianity was founded in the city of Jerusalem. 41. Germany is ...","Steve Sax is associated with the sport of association football. 418. Tunisia national football team is associated with the sport of basketball. 419. Blair Walsh plays the position of placekicker. 420....","Here is a list of facts: 0. Thomas Kyd was born in the city of London. 1. The chairperson of Fatah is Mahmoud Abbas. 2. Amy Winehouse died in the city of Camden Town. 3. Hines Ward plays the position ...","The author of The Witcher is T. S. Eliot. 306. Thomas Kyd was born in the city of Leeds. 307. Jesus Christ worked in the city of Galilee. 308. John Harkes is associated with the sport of association f...","Thomas Arne was born in the city of London. 343. Charles Messier is a citizen of Iran. 344. The author of Starship Troopers is Daphne du Maurier. 345. Thus Spoke Zarathustra was created in the country...","Rocket Man was performed by Ayumi Hamasaki. 230. Ford Motor Company was founded by Henri Grégoire. 231. Walter Chrysler's child is Charles Frederick, Duke of Holstein-Gottorp. 232. The chairperson of ..."
"factconsolidation_sh_6k_no87","Which city did Olga of Kiev die in?","Rodez","Moscow","False","has_pair","450","Olga of Kiev died in the city of Rodez.","True","2","0.057837","125","Olga of Kiev died in the city of Kyiv.","Kyiv","True","1","0.058512","325","old_higher_ppr","entity_confused","Mario Puzo is famous for The Godfather. 113. London is located in the continent of Europe. 114. The headquarters of University of California, Berkeley is located in the city of Botevgrad. 115. The nam...","Steve Sax is associated with the sport of association football. 418. Tunisia national football team is associated with the sport of basketball. 419. Blair Walsh plays the position of placekicker. 420....","FC Irtysh Omsk is associated with the sport of association football. 150. cricket was created in the country of Australia. 151. The official language of Australia is Arabic. 152. Stephen McNeil works ...","Here is a list of facts: 0. Thomas Kyd was born in the city of London. 1. The chairperson of Fatah is Mahmoud Abbas. 2. Amy Winehouse died in the city of Camden Town. 3. Hines Ward plays the position ...","267. post-punk was created in the country of Canada. 268. Ellen Pompeo is a citizen of United States of America. 269. Daniele De Rossi plays the position of midfielder. 270. Oscar Wilde died in the ci...","Frank Zappa died in the city of Los Angeles. 38. Dave Filoni is employed by Lucasfilm. 39. Henri Grégoire is a citizen of France. 40. Christianity was founded in the city of Jerusalem. 41. Germany is ...","Australia is located in the continent of Oceania. 76. The author of The Birth of Tragedy is Friedrich Nietzsche. 77. The author of The Birth of Tragedy is Stephen Crane. 78. placekicker is associated ...","The author of The Witcher is T. S. Eliot. 306. Thomas Kyd was born in the city of Leeds. 307. Jesus Christ worked in the city of Galilee. 308. John Harkes is associated with the sport of association f...","The headquarters of Berklee College of Music is located in the city of Boston. 381. Elton John is a citizen of United Kingdom. 382. baseball was created in the country of Japan. 383. The official lang...","Thomas Arne was born in the city of London. 343. Charles Messier is a citizen of Iran. 344. The author of Starship Troopers is Daphne du Maurier. 345. Thus Spoke Zarathustra was created in the country..."
"factconsolidation_sh_6k_no88","Who founded Sasanian Empire?","Walter Chrysler","Walter Chrysler.","True","has_pair","264","Sasanian Empire was founded by Walter Chrysler.","True","2","0.038206","224","Sasanian Empire was founded by Ardashir I.","Ardashir I","True","1","0.065629","40","old_higher_ppr","","189. Hugh Hefner is famous for The Vampyre. 190. The capital of Czech Republic is Prague. 191. Aristotle's child is Nicomachus. 192. Ernst Heinkel is a citizen of Germany. 193. Catholic Church was fou...","Rocket Man was performed by Ayumi Hamasaki. 230. Ford Motor Company was founded by Henri Grégoire. 231. Walter Chrysler's child is Charles Frederick, Duke of Holstein-Gottorp. 232. The chairperson of ...","The headquarters of Berklee College of Music is located in the city of Boston. 381. Elton John is a citizen of United Kingdom. 382. baseball was created in the country of Japan. 383. The official lang...","Frank Zappa died in the city of Los Angeles. 38. Dave Filoni is employed by Lucasfilm. 39. Henri Grégoire is a citizen of France. 40. Christianity was founded in the city of Jerusalem. 41. Germany is ...","Here is a list of facts: 0. Thomas Kyd was born in the city of London. 1. The chairperson of Fatah is Mahmoud Abbas. 2. Amy Winehouse died in the city of Camden Town. 3. Hines Ward plays the position ...","Thomas Arne was born in the city of London. 343. Charles Messier is a citizen of Iran. 344. The author of Starship Troopers is Daphne du Maurier. 345. Thus Spoke Zarathustra was created in the country...","The author of The Witcher is T. S. Eliot. 306. Thomas Kyd was born in the city of Leeds. 307. Jesus Christ worked in the city of Galilee. 308. John Harkes is associated with the sport of association f...","FC Irtysh Omsk is associated with the sport of association football. 150. cricket was created in the country of Australia. 151. The official language of Australia is Arabic. 152. Stephen McNeil works ...","267. post-punk was created in the country of Canada. 268. Ellen Pompeo is a citizen of United States of America. 269. Daniele De Rossi plays the position of midfielder. 270. Oscar Wilde died in the ci...","Steve Sax is associated with the sport of association football. 418. Tunisia national football team is associated with the sport of basketball. 419. Blair Walsh plays the position of placekicker. 420...."
"factconsolidation_sh_6k_no89","Which city did Pedro Pierluisi work in?","Washington, D.C.","Washington, D.C.","True","no_conflict_pair","5","Pedro Pierluisi worked in the city of Washington, D.C..","True","1","0.062189","","","","False","","","","no_pair","","Here is a list of facts: 0. Thomas Kyd was born in the city of London. 1. The chairperson of Fatah is Mahmoud Abbas. 2. Amy Winehouse died in the city of Camden Town. 3. Hines Ward plays the position ...","267. post-punk was created in the country of Canada. 268. Ellen Pompeo is a citizen of United States of America. 269. Daniele De Rossi plays the position of midfielder. 270. Oscar Wilde died in the ci...","Rocket Man was performed by Ayumi Hamasaki. 230. Ford Motor Company was founded by Henri Grégoire. 231. Walter Chrysler's child is Charles Frederick, Duke of Holstein-Gottorp. 232. The chairperson of ...","The headquarters of Berklee College of Music is located in the city of Boston. 381. Elton John is a citizen of United Kingdom. 382. baseball was created in the country of Japan. 383. The official lang...","The author of The Witcher is T. S. Eliot. 306. Thomas Kyd was born in the city of Leeds. 307. Jesus Christ worked in the city of Galilee. 308. John Harkes is associated with the sport of association f...","Mario Puzo is famous for The Godfather. 113. London is located in the continent of Europe. 114. The headquarters of University of California, Berkeley is located in the city of Botevgrad. 11[NEW]5. Th...","Steve Sax is associated with the sport of association football. 418. Tunisia national football team is associated with the sport of basketball. 419. Blair Walsh plays the position of placekicker. 420....","Australia is located in the continent of Oceania. 76. The author of The Birth of Tragedy is Friedrich Nietzsche. 77. The author of The Birth of Tragedy is Stephen Crane. 78. placekicker is associated ...","189. Hugh Hefner is famous for The Vampyre. 190. The capital of Czech Republic is Prague. 191. Aristotle's child is Nicomachus. 192. Ernst Heinkel is a citizen of Germany. 193. Catholic Church was fou...","FC Irtysh Omsk is associated with the sport of association football. 150. cricket was created in the country of Australia. 151. The official language of Australia is Arabic. 152. Stephen McNeil works ..."
"factconsolidation_sh_6k_no90","Which sport is Surrey Senior Cup associated with?","basketball","association football.","False","has_pair","315","Surrey Senior Cup is associated with the sport of basketball.","True","1","0.050864","291","Surrey Senior Cup is associated with the sport of association football.","association football","True","2","0.044545","24","new_higher_ppr","older_fact","The author of The Witcher is T. S. Eliot. 306. Thomas Kyd was born in the city of Leeds. 307. Jesus Christ worked in the city of Galilee. 308. John Harkes is associated with the sport of association f...","267. post-punk was created in the country of Canada. 268. Ellen Pompeo is a citizen of United States of America. 269. Daniele De Rossi plays the position of midfielder. 270. Oscar Wilde died in the ci...","Steve Sax is associated with the sport of association football. 418. Tunisia national football team is associated with the sport of basketball. 419. Blair Walsh plays the position of placekicker. 420....","FC Irtysh Omsk is associated with the sport of association football. 150. cricket was created in the country of Australia. 151. The official language of Australia is Arabic. 152. Stephen McNeil works ...","Thomas Arne was born in the city of London. 343. Charles Messier is a citizen of Iran. 344. The author of Starship Troopers is Daphne du Maurier. 345. Thus Spoke Zarathustra was created in the country...","Frank Zappa died in the city of Los Angeles. 38. Dave Filoni is employed by Lucasfilm. 39. Henri Grégoire is a citizen of France. 40. Christianity was founded in the city of Jerusalem. 41. Germany is ...","Australia is located in the continent of Oceania. 76. The author of The Birth of Tragedy is Friedrich Nietzsche. 77. The author of The Birth of Tragedy is Stephen Crane. 78. placekicker is associated ...","Here is a list of facts: 0. Thomas Kyd was born in the city of London. 1. The chairperson of Fatah is Mahmoud Abbas. 2. Amy Winehouse died in the city of Camden Town. 3. Hines Ward plays the position ...","The headquarters of Berklee College of Music is located in the city of Boston. 381. Elton John is a citizen of United Kingdom. 382. baseball was created in the country of Japan. 383. The official lang...","189. Hugh Hefner is famous for The Vampyre. 190. The capital of Czech Republic is Prague. 191. Aristotle's child is Nicomachus. 192. Ernst Heinkel is a citizen of Germany. 193. Catholic Church was fou..."
"factconsolidation_sh_6k_no91","What is the country of citizenship of Narendra Modi?","Australia","Australia","True","has_pair","217","Narendra Modi is a citizen of Australia.","True","1","0.050552","176","Narendra Modi is a citizen of India.","India","True","2","0.041354","41","new_higher_ppr","","189. Hugh Hefner is famous for The Vampyre. 190. The capital of Czech Republic is Prague. 191. Aristotle's child is Nicomachus. 192. Ernst Heinkel is a citizen of Germany. 193. Catholic Church was fou...","FC Irtysh Omsk is associated with the sport of association football. 150. cricket was created in the country of Australia. 151. The official language of Australia is Arabic. 152. Stephen McNeil works ...","The author of The Witcher is T. S. Eliot. 306. Thomas Kyd was born in the city of Leeds. 307. Jesus Christ worked in the city of Galilee. 308. John Harkes is associated with the sport of association f...","Steve Sax is associated with the sport of association football. 418. Tunisia national football team is associated with the sport of basketball. 419. Blair Walsh plays the position of placekicker. 420....","267. post-punk was created in the country of Canada. 268. Ellen Pompeo is a citizen of United States of America. 269. Daniele De Rossi plays the position of midfielder. 270. Oscar Wilde died in the ci...","Thomas Arne was born in the city of London. 343. Charles Messier is a citizen of Iran. 344. The author of Starship Troopers is Daphne du Maurier. 345. Thus Spoke Zarathustra was created in the country...","Frank Zappa died in the city of Los Angeles. 38. Dave Filoni is employed by Lucasfilm. 39. Henri Grégoire is a citizen of France. 40. Christianity was founded in the city of Jerusalem. 41. Germany is ...","Rocket Man was performed by Ayumi Hamasaki. 230. Ford Motor Company was founded by Henri Grégoire. 231. Walter Chrysler's child is Charles Frederick, Duke of Holstein-Gottorp. 232. The chairperson of ...","Here is a list of facts: 0. Thomas Kyd was born in the city of London. 1. The chairperson of Fatah is Mahmoud Abbas. 2. Amy Winehouse died in the city of Camden Town. 3. Hines Ward plays the position ...","Australia is located in the continent of Oceania. 76. The author of The Birth of Tragedy is Friedrich Nietzsche. 77. The author of The Birth of Tragedy is Stephen Crane. 78. placekicker is associated ..."
"factconsolidation_sh_6k_no92","Who is Victoria Beckham married to?","David Beckham","David Beckham","True","no_conflict_pair","8","Victoria Beckham is married to David Beckham.","True","1","0.088071","","","midfielder","False","","","","no_pair","","Here is a list of facts: 0. Thomas Kyd was born in the city of London. 1. The chairperson of Fatah is Mahmoud Abbas. 2. Amy Winehouse died in the city of Camden Town. 3. Hines Ward plays the position ...","Mario Puzo is famous for The Godfather. 113. London is located in the continent of Europe. 114. The headquarters of University of California, Berkeley is located in the city of Botevgrad. 115. The nam...","267. post-punk was created in the country of Canada. 26[NEW]8. Ellen Pompeo is a citizen of United States of America. 269. Daniele De Rossi plays the position of midfielder. 270. Oscar Wilde died in t...","Steve Sax is associated with the sport of association football. 41[NEW]8. Tunisia national football team is associated with the sport of basketball. 419. Blair Walsh plays the position of placekicker....","The author of The Witcher is T. S. Eliot. 306. Thomas Kyd was born in the city of Leeds. 307. Jesus Christ worked in the city of Galilee. 30[NEW]8. John Harkes is associated with the sport of associat...","Thomas Arne was born in the city of London. 343. Charles Messier is a citizen of Iran. 344. The author of Starship Troopers is Daphne du Maurier. 345. Thus Spoke Zarathustra was created in the country...","The headquarters of Berklee College of Music is located in the city of Boston. 381. Elton John is a citizen of United Kingdom. 382. baseball was created in the country of Japan. 383. The official lang...","Frank Zappa died in the city of Los Angeles. 3[NEW]8. Dave Filoni is employed by Lucasfilm. 39. Henri Grégoire is a citizen of France. 40. Christianity was founded in the city of Jerusalem. 41. German...","FC Irtysh Omsk is associated with the sport of association football. 150. cricket was created in the country of Australia. 151. The official language of Australia is Arabic. 152. Stephen McNeil works ...","Rocket Man was performed by Ayumi Hamasaki. 230. Ford Motor Company was founded by Henri Grégoire. 231. Walter Chrysler's child is Charles Frederick, Duke of Holstein-Gottorp. 232. The chairperson of ..."
"factconsolidation_sh_6k_no93","What is the country of citizenship of Charles Messier?","Iran","France.","False","has_pair","343","Charles Messier is a citizen of Iran.","True","1","0.057545","204","Charles Messier is a citizen of France.","France","True","2","0.054229","139","new_higher_ppr","older_fact","Thomas Arne was born in the city of London. [NEW]343. Charles Messier is a citizen of Iran. 344. The author of Starship Troopers is Daphne du Maurier. 345. Thus Spoke Zarathustra was created in the co...","189. Hugh Hefner is famous for The Vampyre. 190. The capital of Czech Republic is Prague. 191. Aristotle's child is Nicomachus. 192. Ernst Heinkel is a citizen of Germany. 193. Catholic Church was fou...","Steve Sax is associated with the sport of association football. 418. Tunisia national football team is associated with the sport of basketball. 419. Blair Walsh plays the position of placekicker. 420....","FC Irtysh Omsk is associated with the sport of association football. 150. cricket was created in the country of Australia. 151. The official language of Australia is Arabic. 152. Stephen McNeil works ...","Rocket Man was performed by Ayumi Hamasaki. 230. Ford Motor Company was founded by Henri Grégoire. 231. Walter Chrysler's child is Charles Frederick, Duke of Holstein-Gottorp. 232. The chairperson of ...","The author of The Witcher is T. S. Eliot. 306. Thomas Kyd was born in the city of Leeds. 307. Jesus Christ worked in the city of Galilee. 308. John Harkes is associated with the sport of association f...","Frank Zappa died in the city of Los Angeles. 38. Dave Filoni is employed by Lucasfilm. 39. Henri Grégoire is a citizen of France. 40. Christianity was founded in the city of Jerusalem. 41. Germany is ...","Here is a list of facts: 0. Thomas Kyd was born in the city of London. 1. The chairperson of Fatah is Mahmoud Abbas. 2. Amy Winehouse died in the city of Camden Town. 3. Hines Ward plays the position ...","267. post-punk was created in the country of Canada. 268. Ellen Pompeo is a citizen of United States of America. 269. Daniele De Rossi plays the position of midfielder. 270. Oscar Wilde died in the ci...","The headquarters of Berklee College of Music is located in the city of Boston. 381. Elton John is a citizen of United Kingdom. 382. baseball was created in the country of Japan. 383. The official lang..."
"factconsolidation_sh_6k_no94","Who was Rand al'Thor created by?","Ferdowsi","Robert Jordan.","False","has_pair","326","Rand al'Thor was created by Ferdowsi.","True","2","0.046506","66","Rand al'Thor was created by Robert Jordan.","Robert Jordan","True","1","0.059767","260","old_higher_ppr","older_fact","Frank Zappa died in the city of Los Angeles. 38. Dave Filoni is employed by Lucasfilm. 39. Henri Grégoire is a citizen of France. 40. Christianity was founded in the city of Jerusalem. 41. Germany is ...","The author of The Witcher is T. S. Eliot. 306. Thomas Kyd was born in the city of Leeds. 307. Jesus Christ worked in the city of Galilee. 308. John Harkes is associated with the sport of association f...","Rocket Man was performed by Ayumi Hamasaki. 230. Ford Motor Company was founded by Henri Grégoire. 231. Walter Chrysler's child is Charles Frederick, Duke of Holstein-Gottorp. 232. The chairperson of ...","189. Hugh Hefner is famous for The Vampyre. 190. The capital of Czech Republic is Prague. 191. Aristotle's child is Nicomachus. 192. Ernst Heinkel is a citizen of Germany. 193. Catholic Church was fou...","The headquarters of Berklee College of Music is located in the city of Boston. 381. Elton John is a citizen of United Kingdom. 382. baseball was created in the country of Japan. 383. The official lang...","Australia is located in the continent of Oceania. 76. The author of The Birth of Tragedy is Friedrich Nietzsche. 77. The author of The Birth of Tragedy is Stephen Crane. 78. placekicker is associated ...","Here is a list of facts: 0. Thomas Kyd was born in the city of London. 1. The chairperson of Fatah is Mahmoud Abbas. 2. Amy Winehouse died in the city of Camden Town. 3. Hines Ward plays the position ...","Thomas Arne was born in the city of London. 343. Charles Messier is a citizen of Iran. 344. The author of Starship Troopers is Daphne du Maurier. 345. Thus Spoke Zarathustra was created in the country...","267. post-punk was created in the country of Canada. 268. Ellen Pompeo is a citizen of United States of America. 269. Daniele De Rossi plays the position of midfielder. 270. Oscar Wilde died in the ci...","Steve Sax is associated with the sport of association football. 418. Tunisia national football team is associated with the sport of basketball. 419. Blair Walsh plays the position of placekicker. 420...."
"factconsolidation_sh_6k_no95","What position does Mike D'Antoni play?","point guard","point guard.","True","no_conflict_pair","110","Mike D'Antoni plays the position of point guard.","True","1","0.07975","","","basketball","False","","","","no_pair","","Australia is located in the continent of Oceania. 76. The author of The Birth of Tragedy is Friedrich Nietzsche. 77. The author of The Birth of Tragedy is Stephen Crane. 78. placekicker is associated ...","189. Hugh Hefner is famous for The Vampyre. 190. The capital of Czech Republic is Prague. 191. Aristotle's child is Nicomachus. 192. Ernst Heinkel is a citizen of Germany. 193. Catholic Church was fou...","Frank Zappa died in the city of Los Angeles. 38. Dave Filoni is employed by Lucasfilm. 39. Henri Grégoire is a citizen of France. 40. Christianity was founded in the city of Jerusalem. 41. Germany is ...","The author of The Witcher is T. S. Eliot. 306. Thomas Kyd was born in the city of Leeds. 307. Jesus Christ worked in the city of Galilee. 308. John Harkes is associated with the sport of association f...","Steve Sax is associated with the sport of association football. 418. Tunisia national football team is associated with the sport of basketball. 419. Blair Walsh plays the position of placekicker. 420....","FC Irtysh Omsk is associated with the sport of association football. 150. cricket was created in the country of Australia. 151. The official language of Australia is Arabic. 152. Stephen McNeil works ...","Here is a list of facts: 0. Thomas Kyd was born in the city of London. 1. The chairperson of Fatah is Mahmoud Abbas. 2. Amy Winehouse died in the city of Camden Town. 3. Hines Ward plays the position ...","267. post-punk was created in the country of Canada. 268. Ellen Pompeo is a citizen of United States of America. 269. Daniele De Rossi plays the position of midfielder. 270. Oscar Wilde died in the ci...","Mario Puzo is famous for The Godfather. 113. London is located in the continent of Europe. 114. The headquarters of University of California, Berkeley is located in the city of Botevgrad. 115. The nam...","Thomas Arne was born in the city of London. 343. Charles Messier is a citizen of Iran. 344. The author of Starship Troopers is Daphne du Maurier. 345. Thus Spoke Zarathustra was created in the country..."
"factconsolidation_sh_6k_no96","What is the country of citizenship of Colin Irwin?","Israel","United Kingdom.","False","has_pair","441","Colin Irwin is a citizen of Israel.","True","2","0.04834","55","Colin Irwin is a citizen of United Kingdom.","United Kingdom","True","1","0.049942","386","old_higher_ppr","older_fact","Frank Zappa died in the city of Los Angeles. 38. Dave Filoni is employed by Lucasfilm. 39. Henri Grégoire is a citizen of France. 40. Christianity was founded in the city of Jerusalem. 41. Germany is ...","Steve Sax is associated with the sport of association football. 418. Tunisia national football team is associated with the sport of basketball. 419. Blair Walsh plays the position of placekicker. 420....","FC Irtysh Omsk is associated with the sport of association football. 150. cricket was created in the country of Australia. 151. The official language of Australia is Arabic. 152. Stephen McNeil works ...","267. post-punk was created in the country of Canada. 268. Ellen Pompeo is a citizen of United States of America. 269. Daniele De Rossi plays the position of midfielder. 270. Oscar Wilde died in the ci...","Australia is located in the continent of Oceania. 76. The author of The Birth of Tragedy is Friedrich Nietzsche. 77. The author of The Birth of Tragedy is Stephen Crane. 78. placekicker is associated ...","Rocket Man was performed by Ayumi Hamasaki. 230. Ford Motor Company was founded by Henri Grégoire. 231. Walter Chrysler's child is Charles Frederick, Duke of Holstein-Gottorp. 232. The chairperson of ...","The author of The Witcher is T. S. Eliot. 306. Thomas Kyd was born in the city of Leeds. 307. Jesus Christ worked in the city of Galilee. 308. John Harkes is associated with the sport of association f...","Thomas Arne was born in the city of London. 343. Charles Messier is a citizen of Iran. 344. The author of Starship Troopers is Daphne du Maurier. 345. Thus Spoke Zarathustra was created in the country...","189. Hugh Hefner is famous for The Vampyre. 190. The capital of Czech Republic is Prague. 191. Aristotle's child is Nicomachus. 192. Ernst Heinkel is a citizen of Germany. 193. Catholic Church was fou...","Mario Puzo is famous for The Godfather. 113. London is located in the continent of Europe. 114. The headquarters of University of California, Berkeley is located in the city of Botevgrad. 115. The nam..."
"factconsolidation_sh_6k_no97","Who is Walter Chrysler's child?","Charles Frederick, Duke of Holstein-Gottorp","Charles Frederick, Duke of Holstein-Gottorp.","True","has_pair","231","Walter Chrysler's child is Charles Frederick, Duke of Holstein-Gottorp.","True","2","0.055573","61","Walter Chrysler's child is Walter Percy Chrysler Jr..","Walter Percy Chrysler Jr.","True","1","0.062354","170","old_higher_ppr","","Frank Zappa died in the city of Los Angeles. 38. Dave Filoni is employed by Lucasfilm. 39. Henri Grégoire is a citizen of France. 40. Christianity was founded in the city of Jerusalem. 41. Germany is ...","Rocket Man was performed by Ayumi Hamasaki. 230. Ford Motor Company was founded by Henri Grégoire. [NEW]231. Walter Chrysler's child is Charles Frederick, Duke of Holstein-Gottorp. 232. The chairperso...","The author of The Witcher is T. S. Eliot. 306. Thomas Kyd was born in the city of Leeds. 307. Jesus Christ worked in the city of Galilee. 308. John Harkes is associated with the sport of association f...","189. Hugh Hefner is famous for The Vampyre. 190. The capital of Czech Republic is Prague. 191. Aristotle's child is Nicomachus. 192. Ernst Heinkel is a citizen of Germany. 193. Catholic Church was fou...","Here is a list of facts: 0. Thomas Kyd was born in the city of London. 1. The chairperson of Fatah is Mahmoud Abbas. 2. Amy Winehouse died in the city of Camden Town. 3. Hines Ward plays the position ...","The headquarters of Berklee College of Music is located in the city of Boston. 381. Elton John is a citizen of United Kingdom. 382. baseball was created in the country of Japan. 383. The official lang...","Thomas Arne was born in the city of London. 343. Charles Messier is a citizen of Iran. 344. The author of Starship Troopers is Daphne du Maurier. 345. Thus Spoke Zarathustra was created in the country...","Steve Sax is associated with the sport of association football. 418. Tunisia national football team is associated with the sport of basketball. 419. Blair Walsh plays the position of placekicker. 420....","FC Irtysh Omsk is associated with the sport of association football. 150. cricket was created in the country of Australia. 151. The official language of Australia is Arabic. 152. Stephen McNeil works ...","Mario Puzo is famous for The Godfather. 113. London is located in the continent of Europe. 114. The headquarters of University of California, Berkeley is located in the city of Botevgrad. 115. The nam..."
"factconsolidation_sh_6k_no98","Who is Charles Darwin married to?","Amala Paul","Amala Paul","True","has_pair","335","Charles Darwin is married to Amala Paul.","True","2","0.030125","164","Charles Darwin is married to Emma Darwin.","Emma Darwin","True","1","0.093153","171","old_higher_ppr","","FC Irtysh Omsk is associated with the sport of association football. 150. cricket was created in the country of Australia. 151. The official language of Australia is Arabic. 152. Stephen McNeil works ...","The author of The Witcher is T. S. Eliot. 306. Thomas Kyd was born in the city of Leeds. 307. Jesus Christ worked in the city of Galilee. 308. John Harkes is associated with the sport of association f...","Mario Puzo is famous for The Godfather. 113. London is located in the continent of Europe. 114. The headquarters of University of California, Berkeley is located in the city of Botevgrad. 115. The nam...","Steve Sax is associated with the sport of association football. 418. Tunisia national football team is associated with the sport of basketball. 419. Blair Walsh plays the position of placekicker. 420....","Thomas Arne was born in the city of London. 343. Charles Messier is a citizen of Iran. 344. The author of Starship Troopers is Daphne du Maurier. 345. Thus Spoke Zarathustra was created in the country...","Australia is located in the continent of Oceania. 76. The author of The Birth of Tragedy is Friedrich Nietzsche. 77. The author of The Birth of Tragedy is Stephen Crane. 78. placekicker is associated ...","The headquarters of Berklee College of Music is located in the city of Boston. 381. Elton John is a citizen of United Kingdom. 382. baseball was created in the country of Japan. 383. The official lang...","Frank Zappa died in the city of Los Angeles. 38. Dave Filoni is employed by Lucasfilm. 39. Henri Grégoire is a citizen of France. 40. Christianity was founded in the city of Jerusalem. 41. Germany is ...","267. post-punk was created in the country of Canada. 268. Ellen Pompeo is a citizen of United States of America. 269. Daniele De Rossi plays the position of midfielder. 270. Oscar Wilde died in the ci...","189. Hugh Hefner is famous for The Vampyre. 190. The capital of Czech Republic is Prague. 191. Aristotle's child is Nicomachus. 192. Ernst Heinkel is a citizen of Germany. 193. Catholic Church was fou..."
"factconsolidation_sh_6k_no99","What position does Irving Fryar play?","wide receiver","Unknown","False","no_conflict_pair","227","Irving Fryar plays the position of wide receiver.","True","6","0.605309","","","American football","False","","","","no_pair","no_conflict_pair_fail","Here is a list of facts: 0. Thomas Kyd was born in the city of London. 1. The chairperson of Fatah is Mahmoud Abbas. 2. Amy Winehouse died in the city of Camden Town. 3. Hines Ward plays the position ...","The author of The Witcher is T. S. Eliot. 306. Thomas Kyd was born in the city of Leeds. 307. Jesus Christ worked in the city of Galilee. 308. John Harkes is associated with the sport of association f...","FC Irtysh Omsk is associated with the sport of association football. 150. cricket was created in the country of Australia. 151. The official language of Australia is Arabic. 152. Stephen McNeil works ...","Frank Zappa died in the city of Los Angeles. 38. Dave Filoni is employed by Lucasfilm. 39. Henri Grégoire is a citizen of France. 40. Christianity was founded in the city of Jerusalem. 41. Germany is ...","Steve Sax is associated with the sport of association football. 418. Tunisia national football team is associated with the sport of basketball. 419. Blair Walsh plays the position of placekicker. 420....","189. Hugh Hefner is famous for The Vampyre. 190. The capital of Czech Republic is Prague. 191. Aristotle's child is Nicomachus. 192. Ernst Heinkel is a citizen of Germany. 193. Catholic Church was fou...","Rocket Man was performed by Ayumi Hamasaki. 230. Ford Motor Company was founded by Henri Grégoire. 231. Walter Chrysler's child is Charles Frederick, Duke of Holstein-Gottorp. 232. The chairperson of ...","267. post-punk was created in the country of Canada. 268. Ellen Pompeo is a citizen of United States of America. 269. Daniele De Rossi plays the position of midfielder. 270. Oscar Wilde died in the ci...","Australia is located in the continent of Oceania. 76. The author of The Birth of Tragedy is Friedrich Nietzsche. 77. The author of The Birth of Tragedy is Stephen Crane. 78. placekicker is associated ...","Thomas Arne was born in the city of London. 343. Charles Messier is a citizen of Iran. 344. The author of Starship Troopers is Daphne du Maurier. 345. Thus Spoke Zarathustra was created in the country..."
